,con300000_bat0.0_pv0.0,con600000_bat0.0_pv0.0,con1000000_bat0.0_pv0.0,con2000000_bat0.0_pv0.0,con3000000_bat0.0_pv0.0,con5000000_bat0.0_pv0.0,con300000_bat0.0001_pv0.0,con600000_bat0.0001_pv0.0,con1000000_bat0.0001_pv0.0,con2000000_bat0.0001_pv0.0,con3000000_bat0.0001_pv0.0,con5000000_bat0.0001_pv0.0,con300000_bat0.0003_pv0.0,con600000_bat0.0003_pv0.0,con1000000_bat0.0003_pv0.0,con2000000_bat0.0003_pv0.0,con3000000_bat0.0003_pv0.0,con5000000_bat0.0003_pv0.0,con300000_bat0.0005_pv0.0,con600000_bat0.0005_pv0.0,con1000000_bat0.0005_pv0.0,con2000000_bat0.0005_pv0.0,con3000000_bat0.0005_pv0.0,con5000000_bat0.0005_pv0.0,con300000_bat0.0007_pv0.0,con600000_bat0.0007_pv0.0,con1000000_bat0.0007_pv0.0,con2000000_bat0.0007_pv0.0,con3000000_bat0.0007_pv0.0,con5000000_bat0.0007_pv0.0,con300000_bat0.0_pv0.15,con600000_bat0.0_pv0.15,con1000000_bat0.0_pv0.15,con2000000_bat0.0_pv0.15,con3000000_bat0.0_pv0.15,con5000000_bat0.0_pv0.15,con300000_bat0.0001_pv0.15,con600000_bat0.0001_pv0.15,con1000000_bat0.0001_pv0.15,con2000000_bat0.0001_pv0.15,con3000000_bat0.0001_pv0.15,con5000000_bat0.0001_pv0.15,con300000_bat0.0003_pv0.15,con600000_bat0.0003_pv0.15,con1000000_bat0.0003_pv0.15,con2000000_bat0.0003_pv0.15,con3000000_bat0.0003_pv0.15,con5000000_bat0.0003_pv0.15,con300000_bat0.0005_pv0.15,con600000_bat0.0005_pv0.15,con1000000_bat0.0005_pv0.15,con2000000_bat0.0005_pv0.15,con3000000_bat0.0005_pv0.15,con5000000_bat0.0005_pv0.15,con300000_bat0.0007_pv0.15,con600000_bat0.0007_pv0.15,con1000000_bat0.0007_pv0.15,con2000000_bat0.0007_pv0.15,con3000000_bat0.0007_pv0.15,con5000000_bat0.0007_pv0.15,con300000_bat0.0_pv0.3,con600000_bat0.0_pv0.3,con1000000_bat0.0_pv0.3,con2000000_bat0.0_pv0.3,con3000000_bat0.0_pv0.3,con5000000_bat0.0_pv0.3,con300000_bat0.0001_pv0.3,con600000_bat0.0001_pv0.3,con1000000_bat0.0001_pv0.3,con2000000_bat0.0001_pv0.3,con3000000_bat0.0001_pv0.3,con5000000_bat0.0001_pv0.3,con300000_bat0.0003_pv0.3,con600000_bat0.0003_pv0.3,con1000000_bat0.0003_pv0.3,con2000000_bat0.0003_pv0.3,con3000000_bat0.0003_pv0.3,con5000000_bat0.0003_pv0.3,con300000_bat0.0005_pv0.3,con600000_bat0.0005_pv0.3,con1000000_bat0.0005_pv0.3,con2000000_bat0.0005_pv0.3,con3000000_bat0.0005_pv0.3,con5000000_bat0.0005_pv0.3,con300000_bat0.0007_pv0.3,con600000_bat0.0007_pv0.3,con1000000_bat0.0007_pv0.3,con2000000_bat0.0007_pv0.3,con3000000_bat0.0007_pv0.3,con5000000_bat0.0007_pv0.3
consumption_kwh,300000,600000,1000000,2000000,3000000,5000000,300000,600000,1000000,2000000,3000000,5000000,300000,600000,1000000,2000000,3000000,5000000,300000,600000,1000000,2000000,3000000,5000000,300000,600000,1000000,2000000,3000000,5000000,300000,600000,1000000,2000000,3000000,5000000,300000,600000,1000000,2000000,3000000,5000000,300000,600000,1000000,2000000,3000000,5000000,300000,600000,1000000,2000000,3000000,5000000,300000,600000,1000000,2000000,3000000,5000000,300000,600000,1000000,2000000,3000000,5000000,300000,600000,1000000,2000000,3000000,5000000,300000,600000,1000000,2000000,3000000,5000000,300000,600000,1000000,2000000,3000000,5000000,300000,600000,1000000,2000000,3000000,5000000
battery_proportion,0.0,0.0,0.0,0.0,0.0,0.0,0.0001,0.0001,0.0001,0.0001,0.0001,0.0001,0.0003,0.0003,0.0003,0.0003,0.0003,0.0003,0.0005,0.0005,0.0005,0.0005,0.0005,0.0005,0.0007,0.0007,0.0007,0.0007,0.0007,0.0007,0.0,0.0,0.0,0.0,0.0,0.0,0.0001,0.0001,0.0001,0.0001,0.0001,0.0001,0.0003,0.0003,0.0003,0.0003,0.0003,0.0003,0.0005,0.0005,0.0005,0.0005,0.0005,0.0005,0.0007,0.0007,0.0007,0.0007,0.0007,0.0007,0.0,0.0,0.0,0.0,0.0,0.0,0.0001,0.0001,0.0001,0.0001,0.0001,0.0001,0.0003,0.0003,0.0003,0.0003,0.0003,0.0003,0.0005,0.0005,0.0005,0.0005,0.0005,0.0005,0.0007,0.0007,0.0007,0.0007,0.0007,0.0007
pv_proportion,0.0,0.0,0.0,0.0,0.0,0.0,0.0,0.0,0.0,0.0,0.0,0.0,0.0,0.0,0.0,0.0,0.0,0.0,0.0,0.0,0.0,0.0,0.0,0.0,0.0,0.0,0.0,0.0,0.0,0.0,0.15,0.15,0.15,0.15,0.15,0.15,0.15,0.15,0.15,0.15,0.15,0.15,0.15,0.15,0.15,0.15,0.15,0.15,0.15,0.15,0.15,0.15,0.15,0.15,0.15,0.15,0.15,0.15,0.15,0.15,0.3,0.3,0.3,0.3,0.3,0.3,0.3,0.3,0.3,0.3,0.3,0.3,0.3,0.3,0.3,0.3,0.3,0.3,0.3,0.3,0.3,0.3,0.3,0.3,0.3,0.3,0.3,0.3,0.3,0.3
list_battery_max_state,[0],[0],[0],[0],[0],[0],[30],[60],[100],[200],[300],[500],[90],[180],[300],[601],[901],[1502],[150],[300],[500],[1001],[1502],[2504],[210],[420],[701],[1402],[2103],[3506],[0],[0],[0],[0],[0],[0],[30],[60],[100],[200],[300],[500],[90],[180],[300],[601],[901],[1502],[150],[300],[500],[1001],[1502],[2504],[210],[420],[701],[1402],[2103],[3506],[0],[0],[0],[0],[0],[0],[30],[60],[100],[200],[300],[500],[90],[180],[300],[601],[901],[1502],[150],[300],[500],[1001],[1502],[2504],[210],[420],[701],[1402],[2103],[3506]
list_battery_usability,[0.9],[0.9],[0.9],[0.9],[0.9],[0.9],[0.9],[0.9],[0.9],[0.9],[0.9],[0.9],[0.9],[0.9],[0.9],[0.9],[0.9],[0.9],[0.9],[0.9],[0.9],[0.9],[0.9],[0.9],[0.9],[0.9],[0.9],[0.9],[0.9],[0.9],[0.9],[0.9],[0.9],[0.9],[0.9],[0.9],[0.9],[0.9],[0.9],[0.9],[0.9],[0.9],[0.9],[0.9],[0.9],[0.9],[0.9],[0.9],[0.9],[0.9],[0.9],[0.9],[0.9],[0.9],[0.9],[0.9],[0.9],[0.9],[0.9],[0.9],[0.9],[0.9],[0.9],[0.9],[0.9],[0.9],[0.9],[0.9],[0.9],[0.9],[0.9],[0.9],[0.9],[0.9],[0.9],[0.9],[0.9],[0.9],[0.9],[0.9],[0.9],[0.9],[0.9],[0.9],[0.9],[0.9],[0.9],[0.9],[0.9],[0.9]
list_battery_usable_max_state,[0.0],[0.0],[0.0],[0.0],[0.0],[0.0],[27.0],[54.0],[90.0],[180.0],[270.0],[450.0],[81.0],[162.0],[270.0],[540.9],[810.9],[1351.8],[135.0],[270.0],[450.0],[900.9],[1351.8],[2253.6],[189.0],[378.0],[630.9],[1261.8],[1892.7],[3155.4],[0.0],[0.0],[0.0],[0.0],[0.0],[0.0],[27.0],[54.0],[90.0],[180.0],[270.0],[450.0],[81.0],[162.0],[270.0],[540.9],[810.9],[1351.8],[135.0],[270.0],[450.0],[900.9],[1351.8],[2253.6],[189.0],[378.0],[630.9],[1261.8],[1892.7],[3155.4],[0.0],[0.0],[0.0],[0.0],[0.0],[0.0],[27.0],[54.0],[90.0],[180.0],[270.0],[450.0],[81.0],[162.0],[270.0],[540.9],[810.9],[1351.8],[135.0],[270.0],[450.0],[900.9],[1351.8],[2253.6],[189.0],[378.0],[630.9],[1261.8],[1892.7],[3155.4]
list_battery_efficiency,[0.98],[0.98],[0.98],[0.98],[0.98],[0.98],[0.98],[0.98],[0.98],[0.98],[0.98],[0.98],[0.98],[0.98],[0.98],[0.98],[0.98],[0.98],[0.98],[0.98],[0.98],[0.98],[0.98],[0.98],[0.98],[0.98],[0.98],[0.98],[0.98],[0.98],[0.98],[0.98],[0.98],[0.98],[0.98],[0.98],[0.98],[0.98],[0.98],[0.98],[0.98],[0.98],[0.98],[0.98],[0.98],[0.98],[0.98],[0.98],[0.98],[0.98],[0.98],[0.98],[0.98],[0.98],[0.98],[0.98],[0.98],[0.98],[0.98],[0.98],[0.98],[0.98],[0.98],[0.98],[0.98],[0.98],[0.98],[0.98],[0.98],[0.98],[0.98],[0.98],[0.98],[0.98],[0.98],[0.98],[0.98],[0.98],[0.98],[0.98],[0.98],[0.98],[0.98],[0.98],[0.98],[0.98],[0.98],[0.98],[0.98],[0.98]
list_battery_num_annual_cycles,[500],[500],[500],[500],[500],[500],[500],[500],[500],[500],[500],[500],[500],[500],[500],[500],[500],[500],[500],[500],[500],[500],[500],[500],[500],[500],[500],[500],[500],[500],[500],[500],[500],[500],[500],[500],[500],[500],[500],[500],[500],[500],[500],[500],[500],[500],[500],[500],[500],[500],[500],[500],[500],[500],[500],[500],[500],[500],[500],[500],[500],[500],[500],[500],[500],[500],[500],[500],[500],[500],[500],[500],[500],[500],[500],[500],[500],[500],[500],[500],[500],[500],[500],[500],[500],[500],[500],[500],[500],[500]
list_battery_proportion_hourly_max_load,[0.5],[0.5],[0.5],[0.5],[0.5],[0.5],[0.5],[0.5],[0.5],[0.5],[0.5],[0.5],[0.5],[0.5],[0.5],[0.5],[0.5],[0.5],[0.5],[0.5],[0.5],[0.5],[0.5],[0.5],[0.5],[0.5],[0.5],[0.5],[0.5],[0.5],[0.5],[0.5],[0.5],[0.5],[0.5],[0.5],[0.5],[0.5],[0.5],[0.5],[0.5],[0.5],[0.5],[0.5],[0.5],[0.5],[0.5],[0.5],[0.5],[0.5],[0.5],[0.5],[0.5],[0.5],[0.5],[0.5],[0.5],[0.5],[0.5],[0.5],[0.5],[0.5],[0.5],[0.5],[0.5],[0.5],[0.5],[0.5],[0.5],[0.5],[0.5],[0.5],[0.5],[0.5],[0.5],[0.5],[0.5],[0.5],[0.5],[0.5],[0.5],[0.5],[0.5],[0.5],[0.5],[0.5],[0.5],[0.5],[0.5],[0.5]
list_battery_max_positive_load,[10000],[10000],[10000],[10000],[10000],[10000],[10000],[10000],[10000],[10000],[10000],[10000],[10000],[10000],[10000],[10000],[10000],[10000],[10000],[10000],[10000],[10000],[10000],[10000],[10000],[10000],[10000],[10000],[10000],[10000],[10000],[10000],[10000],[10000],[10000],[10000],[10000],[10000],[10000],[10000],[10000],[10000],[10000],[10000],[10000],[10000],[10000],[10000],[10000],[10000],[10000],[10000],[10000],[10000],[10000],[10000],[10000],[10000],[10000],[10000],[10000],[10000],[10000],[10000],[10000],[10000],[10000],[10000],[10000],[10000],[10000],[10000],[10000],[10000],[10000],[10000],[10000],[10000],[10000],[10000],[10000],[10000],[10000],[10000],[10000],[10000],[10000],[10000],[10000],[10000]
list_battery_max_negative_load,[10000],[10000],[10000],[10000],[10000],[10000],[10000],[10000],[10000],[10000],[10000],[10000],[10000],[10000],[10000],[10000],[10000],[10000],[10000],[10000],[10000],[10000],[10000],[10000],[10000],[10000],[10000],[10000],[10000],[10000],[10000],[10000],[10000],[10000],[10000],[10000],[10000],[10000],[10000],[10000],[10000],[10000],[10000],[10000],[10000],[10000],[10000],[10000],[10000],[10000],[10000],[10000],[10000],[10000],[10000],[10000],[10000],[10000],[10000],[10000],[10000],[10000],[10000],[10000],[10000],[10000],[10000],[10000],[10000],[10000],[10000],[10000],[10000],[10000],[10000],[10000],[10000],[10000],[10000],[10000],[10000],[10000],[10000],[10000],[10000],[10000],[10000],[10000],[10000],[10000]
list_battery_init_state,[0],[0],[0],[0],[0],[0],[0],[0],[0],[0],[0],[0],[0],[0],[0],[0],[0],[0],[0],[0],[0],[0],[0],[0],[0],[0],[0],[0],[0],[0],[0],[0],[0],[0],[0],[0],[0],[0],[0],[0],[0],[0],[0],[0],[0],[0],[0],[0],[0],[0],[0],[0],[0],[0],[0],[0],[0],[0],[0],[0],[0],[0],[0],[0],[0],[0],[0],[0],[0],[0],[0],[0],[0],[0],[0],[0],[0],[0],[0],[0],[0],[0],[0],[0],[0],[0],[0],[0],[0],[0]
list_pv_annual_kwh,[0],[0],[0],[0],[0],[0],[0],[0],[0],[0],[0],[0],[0],[0],[0],[0],[0],[0],[0],[0],[0],[0],[0],[0],[0],[0],[0],[0],[0],[0],[45080],[90160],[150267],[300534],[450801],[751335],[45080],[90160],[150267],[300534],[450801],[751335],[45080],[90160],[150267],[300534],[450801],[751335],[45080],[90160],[150267],[300534],[450801],[751335],[45080],[90160],[150267],[300534],[450801],[751335],[90160],[180320],[300534],[601068],[901602],[1502671],[90160],[180320],[300534],[601068],[901602],[1502671],[90160],[180320],[300534],[601068],[901602],[1502671],[90160],[180320],[300534],[601068],[901602],[1502671],[90160],[180320],[300534],[601068],[901602],[1502671]
pv_is_generic,True,True,True,True,True,True,True,True,True,True,True,True,True,True,True,True,True,True,True,True,True,True,True,True,True,True,True,True,True,True,True,True,True,True,True,True,True,True,True,True,True,True,True,True,True,True,True,True,True,True,True,True,True,True,True,True,True,True,True,True,True,True,True,True,True,True,True,True,True,True,True,True,True,True,True,True,True,True,True,True,True,True,True,True,True,True,True,True,True,True
list_generator_load_given,[False],[False],[False],[False],[False],[False],[False],[False],[False],[False],[False],[False],[False],[False],[False],[False],[False],[False],[False],[False],[False],[False],[False],[False],[False],[False],[False],[False],[False],[False],[False],[False],[False],[False],[False],[False],[False],[False],[False],[False],[False],[False],[False],[False],[False],[False],[False],[False],[False],[False],[False],[False],[False],[False],[False],[False],[False],[False],[False],[False],[False],[False],[False],[False],[False],[False],[False],[False],[False],[False],[False],[False],[False],[False],[False],[False],[False],[False],[False],[False],[False],[False],[False],[False],[False],[False],[False],[False],[False],[False]
list_generator_is_step_function,[False],[False],[False],[False],[False],[False],[False],[False],[False],[False],[False],[False],[False],[False],[False],[False],[False],[False],[False],[False],[False],[False],[False],[False],[False],[False],[False],[False],[False],[False],[False],[False],[False],[False],[False],[False],[False],[False],[False],[False],[False],[False],[False],[False],[False],[False],[False],[False],[False],[False],[False],[False],[False],[False],[False],[False],[False],[False],[False],[False],[False],[False],[False],[False],[False],[False],[False],[False],[False],[False],[False],[False],[False],[False],[False],[False],[False],[False],[False],[False],[False],[False],[False],[False],[False],[False],[False],[False],[False],[False]
list_generator_max_load,[0],[0],[0],[0],[0],[0],[0],[0],[0],[0],[0],[0],[0],[0],[0],[0],[0],[0],[0],[0],[0],[0],[0],[0],[0],[0],[0],[0],[0],[0],[0],[0],[0],[0],[0],[0],[0],[0],[0],[0],[0],[0],[0],[0],[0],[0],[0],[0],[0],[0],[0],[0],[0],[0],[0],[0],[0],[0],[0],[0],[0],[0],[0],[0],[0],[0],[0],[0],[0],[0],[0],[0],[0],[0],[0],[0],[0],[0],[0],[0],[0],[0],[0],[0],[0],[0],[0],[0],[0],[0]
list_generator_max_load_hourly_change,[0],[0],[0],[0],[0],[0],[0],[0],[0],[0],[0],[0],[0],[0],[0],[0],[0],[0],[0],[0],[0],[0],[0],[0],[0],[0],[0],[0],[0],[0],[0],[0],[0],[0],[0],[0],[0],[0],[0],[0],[0],[0],[0],[0],[0],[0],[0],[0],[0],[0],[0],[0],[0],[0],[0],[0],[0],[0],[0],[0],[0],[0],[0],[0],[0],[0],[0],[0],[0],[0],[0],[0],[0],[0],[0],[0],[0],[0],[0],[0],[0],[0],[0],[0],[0],[0],[0],[0],[0],[0]
list_generator_fee_per_kwh,[0.018],[0.018],[0.018],[0.018],[0.018],[0.018],[0.018],[0.018],[0.018],[0.018],[0.018],[0.018],[0.018],[0.018],[0.018],[0.018],[0.018],[0.018],[0.018],[0.018],[0.018],[0.018],[0.018],[0.018],[0.018],[0.018],[0.018],[0.018],[0.018],[0.018],[0.018],[0.018],[0.018],[0.018],[0.018],[0.018],[0.018],[0.018],[0.018],[0.018],[0.018],[0.018],[0.018],[0.018],[0.018],[0.018],[0.018],[0.018],[0.018],[0.018],[0.018],[0.018],[0.018],[0.018],[0.018],[0.018],[0.018],[0.018],[0.018],[0.018],[0.018],[0.018],[0.018],[0.018],[0.018],[0.018],[0.018],[0.018],[0.018],[0.018],[0.018],[0.018],[0.018],[0.018],[0.018],[0.018],[0.018],[0.018],[0.018],[0.018],[0.018],[0.018],[0.018],[0.018],[0.018],[0.018],[0.018],[0.018],[0.018],[0.018]
list_generator_fuel_conversion_efficiency,[0.75],[0.75],[0.75],[0.75],[0.75],[0.75],[0.75],[0.75],[0.75],[0.75],[0.75],[0.75],[0.75],[0.75],[0.75],[0.75],[0.75],[0.75],[0.75],[0.75],[0.75],[0.75],[0.75],[0.75],[0.75],[0.75],[0.75],[0.75],[0.75],[0.75],[0.75],[0.75],[0.75],[0.75],[0.75],[0.75],[0.75],[0.75],[0.75],[0.75],[0.75],[0.75],[0.75],[0.75],[0.75],[0.75],[0.75],[0.75],[0.75],[0.75],[0.75],[0.75],[0.75],[0.75],[0.75],[0.75],[0.75],[0.75],[0.75],[0.75],[0.75],[0.75],[0.75],[0.75],[0.75],[0.75],[0.75],[0.75],[0.75],[0.75],[0.75],[0.75],[0.75],[0.75],[0.75],[0.75],[0.75],[0.75],[0.75],[0.75],[0.75],[0.75],[0.75],[0.75],[0.75],[0.75],[0.75],[0.75],[0.75],[0.75]
list_generator_annual_volume_cap,[20000000],[20000000],[20000000],[20000000],[20000000],[20000000],[20000000],[20000000],[20000000],[20000000],[20000000],[20000000],[20000000],[20000000],[20000000],[20000000],[20000000],[20000000],[20000000],[20000000],[20000000],[20000000],[20000000],[20000000],[20000000],[20000000],[20000000],[20000000],[20000000],[20000000],[20000000],[20000000],[20000000],[20000000],[20000000],[20000000],[20000000],[20000000],[20000000],[20000000],[20000000],[20000000],[20000000],[20000000],[20000000],[20000000],[20000000],[20000000],[20000000],[20000000],[20000000],[20000000],[20000000],[20000000],[20000000],[20000000],[20000000],[20000000],[20000000],[20000000],[20000000],[20000000],[20000000],[20000000],[20000000],[20000000],[20000000],[20000000],[20000000],[20000000],[20000000],[20000000],[20000000],[20000000],[20000000],[20000000],[20000000],[20000000],[20000000],[20000000],[20000000],[20000000],[20000000],[20000000],[20000000],[20000000],[20000000],[20000000],[20000000],[20000000]
list_generator_init_state,[0],[0],[0],[0],[0],[0],[0],[0],[0],[0],[0],[0],[0],[0],[0],[0],[0],[0],[0],[0],[0],[0],[0],[0],[0],[0],[0],[0],[0],[0],[0],[0],[0],[0],[0],[0],[0],[0],[0],[0],[0],[0],[0],[0],[0],[0],[0],[0],[0],[0],[0],[0],[0],[0],[0],[0],[0],[0],[0],[0],[0],[0],[0],[0],[0],[0],[0],[0],[0],[0],[0],[0],[0],[0],[0],[0],[0],[0],[0],[0],[0],[0],[0],[0],[0],[0],[0],[0],[0],[0]
max_absolute_grid_load,10000,10000,10000,10000,10000,10000,5000,10000,10000,10000,10000,10000,5000,10000,10000,10000,10000,10000,5000,10000,10000,10000,10000,10000,5000,10000,10000,10000,10000,10000,10000,10000,10000,10000,10000,10000,5000,10000,10000,10000,10000,10000,5000,10000,10000,10000,10000,10000,5000,10000,10000,10000,10000,10000,5000,10000,10000,10000,10000,10000,10000,10000,10000,10000,10000,10000,5000,10000,10000,10000,10000,10000,5000,10000,10000,10000,10000,10000,5000,10000,10000,10000,10000,10000,5000,10000,10000,10000,10000,10000
no_negative_grid_load,False,False,False,False,False,False,False,False,False,False,False,False,False,False,False,False,False,False,False,False,False,False,False,False,False,False,False,False,False,False,False,False,False,False,False,False,False,False,False,False,False,False,False,False,False,False,False,False,False,False,False,False,False,False,False,False,False,False,False,False,False,False,False,False,False,False,False,False,False,False,False,False,False,False,False,False,False,False,False,False,False,False,False,False,False,False,False,False,False,False
usage_quota_class,True,True,True,True,True,True,True,True,True,True,True,True,True,True,True,True,True,True,True,True,True,True,True,True,True,True,True,True,True,True,True,True,True,True,True,True,True,True,True,True,True,True,True,True,True,True,True,True,True,True,True,True,True,True,True,True,True,True,True,True,False,False,False,False,False,False,True,True,True,True,True,True,True,True,True,True,True,True,True,True,True,True,True,True,True,True,True,True,True,True
nev_below_gwh_grid_fee,0.00643,0.00643,0.00643,0.00643,0.00643,0.00643,0.00643,0.00643,0.00643,0.00643,0.00643,0.00643,0.00643,0.00643,0.00643,0.00643,0.00643,0.00643,0.00643,0.00643,0.00643,0.00643,0.00643,0.00643,0.00643,0.00643,0.00643,0.00643,0.00643,0.00643,0.00643,0.00643,0.00643,0.00643,0.00643,0.00643,0.00643,0.00643,0.00643,0.00643,0.00643,0.00643,0.00643,0.00643,0.00643,0.00643,0.00643,0.00643,0.00643,0.00643,0.00643,0.00643,0.00643,0.00643,0.00643,0.00643,0.00643,0.00643,0.00643,0.00643,0.00643,0.00643,0.00643,0.00643,0.00643,0.00643,0.00643,0.00643,0.00643,0.00643,0.00643,0.00643,0.00643,0.00643,0.00643,0.00643,0.00643,0.00643,0.00643,0.00643,0.00643,0.00643,0.00643,0.00643,0.00643,0.00643,0.00643,0.00643,0.00643,0.00643
nev_above_gwh_grid_fee,0.0005,0.0005,0.0005,0.0005,0.0005,0.0005,0.0005,0.0005,0.0005,0.0005,0.0005,0.0005,0.0005,0.0005,0.0005,0.0005,0.0005,0.0005,0.0005,0.0005,0.0005,0.0005,0.0005,0.0005,0.0005,0.0005,0.0005,0.0005,0.0005,0.0005,0.0005,0.0005,0.0005,0.0005,0.0005,0.0005,0.0005,0.0005,0.0005,0.0005,0.0005,0.0005,0.0005,0.0005,0.0005,0.0005,0.0005,0.0005,0.0005,0.0005,0.0005,0.0005,0.0005,0.0005,0.0005,0.0005,0.0005,0.0005,0.0005,0.0005,0.0005,0.0005,0.0005,0.0005,0.0005,0.0005,0.0005,0.0005,0.0005,0.0005,0.0005,0.0005,0.0005,0.0005,0.0005,0.0005,0.0005,0.0005,0.0005,0.0005,0.0005,0.0005,0.0005,0.0005,0.0005,0.0005,0.0005,0.0005,0.0005,0.0005
nev_approx_fee,0.00643,0.00643,0.0005,0.0005,0.0005,0.0005,0.00643,0.00643,0.0005,0.0005,0.0005,0.0005,0.00643,0.00643,0.0005,0.0005,0.0005,0.0005,0.00643,0.00643,0.0005,0.0005,0.0005,0.0005,0.00643,0.00643,0.0005,0.0005,0.0005,0.0005,0.00643,0.00643,0.0005,0.0005,0.0005,0.0005,0.00643,0.00643,0.0005,0.0005,0.0005,0.0005,0.00643,0.00643,0.0005,0.0005,0.0005,0.0005,0.00643,0.00643,0.0005,0.0005,0.0005,0.0005,0.00643,0.00643,0.0005,0.0005,0.0005,0.0005,0.00643,0.00643,0.0005,0.0005,0.0005,0.0005,0.00643,0.00643,0.0005,0.0005,0.0005,0.0005,0.00643,0.00643,0.0005,0.0005,0.0005,0.0005,0.00643,0.00643,0.0005,0.0005,0.0005,0.0005,0.00643,0.00643,0.0005,0.0005,0.0005,0.0005
static_grid_fees,"[0.11, 0.05]","[0.11, 0.05]","[0.11, 0.05]","[0.11, 0.05]","[0.11, 0.05]","[0.11, 0.05]","[0.11, 0.05]","[0.11, 0.05]","[0.11, 0.05]","[0.11, 0.05]","[0.11, 0.05]","[0.11, 0.05]","[0.11, 0.05]","[0.11, 0.05]","[0.11, 0.05]","[0.11, 0.05]","[0.11, 0.05]","[0.11, 0.05]","[0.11, 0.05]","[0.11, 0.05]","[0.11, 0.05]","[0.11, 0.05]","[0.11, 0.05]","[0.11, 0.05]","[0.11, 0.05]","[0.11, 0.05]","[0.11, 0.05]","[0.11, 0.05]","[0.11, 0.05]","[0.11, 0.05]","[0.11, 0.05]","[0.11, 0.05]","[0.11, 0.05]","[0.11, 0.05]","[0.11, 0.05]","[0.11, 0.05]","[0.11, 0.05]","[0.11, 0.05]","[0.11, 0.05]","[0.11, 0.05]","[0.11, 0.05]","[0.11, 0.05]","[0.11, 0.05]","[0.11, 0.05]","[0.11, 0.05]","[0.11, 0.05]","[0.11, 0.05]","[0.11, 0.05]","[0.11, 0.05]","[0.11, 0.05]","[0.11, 0.05]","[0.11, 0.05]","[0.11, 0.05]","[0.11, 0.05]","[0.11, 0.05]","[0.11, 0.05]","[0.11, 0.05]","[0.11, 0.05]","[0.11, 0.05]","[0.11, 0.05]","[0.11, 0.05]","[0.11, 0.05]","[0.11, 0.05]","[0.11, 0.05]","[0.11, 0.05]","[0.11, 0.05]","[0.11, 0.05]","[0.11, 0.05]","[0.11, 0.05]","[0.11, 0.05]","[0.11, 0.05]","[0.11, 0.05]","[0.11, 0.05]","[0.11, 0.05]","[0.11, 0.05]","[0.11, 0.05]","[0.11, 0.05]","[0.11, 0.05]","[0.11, 0.05]","[0.11, 0.05]","[0.11, 0.05]","[0.11, 0.05]","[0.11, 0.05]","[0.11, 0.05]","[0.11, 0.05]","[0.11, 0.05]","[0.11, 0.05]","[0.11, 0.05]","[0.11, 0.05]","[0.11, 0.05]"
grid_fee_max_load_peak,"[35.0, 201.0]","[35.0, 201.0]","[35.0, 201.0]","[35.0, 201.0]","[35.0, 201.0]","[35.0, 201.0]","[35.0, 201.0]","[35.0, 201.0]","[35.0, 201.0]","[35.0, 201.0]","[35.0, 201.0]","[35.0, 201.0]","[35.0, 201.0]","[35.0, 201.0]","[35.0, 201.0]","[35.0, 201.0]","[35.0, 201.0]","[35.0, 201.0]","[35.0, 201.0]","[35.0, 201.0]","[35.0, 201.0]","[35.0, 201.0]","[35.0, 201.0]","[35.0, 201.0]","[35.0, 201.0]","[35.0, 201.0]","[35.0, 201.0]","[35.0, 201.0]","[35.0, 201.0]","[35.0, 201.0]","[35.0, 201.0]","[35.0, 201.0]","[35.0, 201.0]","[35.0, 201.0]","[35.0, 201.0]","[35.0, 201.0]","[35.0, 201.0]","[35.0, 201.0]","[35.0, 201.0]","[35.0, 201.0]","[35.0, 201.0]","[35.0, 201.0]","[35.0, 201.0]","[35.0, 201.0]","[35.0, 201.0]","[35.0, 201.0]","[35.0, 201.0]","[35.0, 201.0]","[35.0, 201.0]","[35.0, 201.0]","[35.0, 201.0]","[35.0, 201.0]","[35.0, 201.0]","[35.0, 201.0]","[35.0, 201.0]","[35.0, 201.0]","[35.0, 201.0]","[35.0, 201.0]","[35.0, 201.0]","[35.0, 201.0]","[35.0, 201.0]","[35.0, 201.0]","[35.0, 201.0]","[35.0, 201.0]","[35.0, 201.0]","[35.0, 201.0]","[35.0, 201.0]","[35.0, 201.0]","[35.0, 201.0]","[35.0, 201.0]","[35.0, 201.0]","[35.0, 201.0]","[35.0, 201.0]","[35.0, 201.0]","[35.0, 201.0]","[35.0, 201.0]","[35.0, 201.0]","[35.0, 201.0]","[35.0, 201.0]","[35.0, 201.0]","[35.0, 201.0]","[35.0, 201.0]","[35.0, 201.0]","[35.0, 201.0]","[35.0, 201.0]","[35.0, 201.0]","[35.0, 201.0]","[35.0, 201.0]","[35.0, 201.0]","[35.0, 201.0]"
metering_fee,390,390,390,390,390,390,390,390,390,390,390,390,390,390,390,390,390,390,390,390,390,390,390,390,390,390,390,390,390,390,390,390,390,390,390,390,390,390,390,390,390,390,390,390,390,390,390,390,390,390,390,390,390,390,390,390,390,390,390,390,390,390,390,390,390,390,390,390,390,390,390,390,390,390,390,390,390,390,390,390,390,390,390,390,390,390,390,390,390,390
start_date,2023-07-01 00:00:00+00:00,2023-07-01 00:00:00+00:00,2023-07-01 00:00:00+00:00,2023-07-01 00:00:00+00:00,2023-07-01 00:00:00+00:00,2023-07-01 00:00:00+00:00,2023-07-01 00:00:00+00:00,2023-07-01 00:00:00+00:00,2023-07-01 00:00:00+00:00,2023-07-01 00:00:00+00:00,2023-07-01 00:00:00+00:00,2023-07-01 00:00:00+00:00,2023-07-01 00:00:00+00:00,2023-07-01 00:00:00+00:00,2023-07-01 00:00:00+00:00,2023-07-01 00:00:00+00:00,2023-07-01 00:00:00+00:00,2023-07-01 00:00:00+00:00,2023-07-01 00:00:00+00:00,2023-07-01 00:00:00+00:00,2023-07-01 00:00:00+00:00,2023-07-01 00:00:00+00:00,2023-07-01 00:00:00+00:00,2023-07-01 00:00:00+00:00,2023-07-01 00:00:00+00:00,2023-07-01 00:00:00+00:00,2023-07-01 00:00:00+00:00,2023-07-01 00:00:00+00:00,2023-07-01 00:00:00+00:00,2023-07-01 00:00:00+00:00,2023-07-01 00:00:00+00:00,2023-07-01 00:00:00+00:00,2023-07-01 00:00:00+00:00,2023-07-01 00:00:00+00:00,2023-07-01 00:00:00+00:00,2023-07-01 00:00:00+00:00,2023-07-01 00:00:00+00:00,2023-07-01 00:00:00+00:00,2023-07-01 00:00:00+00:00,2023-07-01 00:00:00+00:00,2023-07-01 00:00:00+00:00,2023-07-01 00:00:00+00:00,2023-07-01 00:00:00+00:00,2023-07-01 00:00:00+00:00,2023-07-01 00:00:00+00:00,2023-07-01 00:00:00+00:00,2023-07-01 00:00:00+00:00,2023-07-01 00:00:00+00:00,2023-07-01 00:00:00+00:00,2023-07-01 00:00:00+00:00,2023-07-01 00:00:00+00:00,2023-07-01 00:00:00+00:00,2023-07-01 00:00:00+00:00,2023-07-01 00:00:00+00:00,2023-07-01 00:00:00+00:00,2023-07-01 00:00:00+00:00,2023-07-01 00:00:00+00:00,2023-07-01 00:00:00+00:00,2023-07-01 00:00:00+00:00,2023-07-01 00:00:00+00:00,2023-07-01 00:00:00+00:00,2023-07-01 00:00:00+00:00,2023-07-01 00:00:00+00:00,2023-07-01 00:00:00+00:00,2023-07-01 00:00:00+00:00,2023-07-01 00:00:00+00:00,2023-07-01 00:00:00+00:00,2023-07-01 00:00:00+00:00,2023-07-01 00:00:00+00:00,2023-07-01 00:00:00+00:00,2023-07-01 00:00:00+00:00,2023-07-01 00:00:00+00:00,2023-07-01 00:00:00+00:00,2023-07-01 00:00:00+00:00,2023-07-01 00:00:00+00:00,2023-07-01 00:00:00+00:00,2023-07-01 00:00:00+00:00,2023-07-01 00:00:00+00:00,2023-07-01 00:00:00+00:00,2023-07-01 00:00:00+00:00,2023-07-01 00:00:00+00:00,2023-07-01 00:00:00+00:00,2023-07-01 00:00:00+00:00,2023-07-01 00:00:00+00:00,2023-07-01 00:00:00+00:00,2023-07-01 00:00:00+00:00,2023-07-01 00:00:00+00:00,2023-07-01 00:00:00+00:00,2023-07-01 00:00:00+00:00,2023-07-01 00:00:00+00:00
end_date,2024-06-29 23:45:00+00:00,2024-06-29 23:45:00+00:00,2024-06-29 23:45:00+00:00,2024-06-29 23:45:00+00:00,2024-06-29 23:45:00+00:00,2024-06-29 23:45:00+00:00,2024-06-29 23:45:00+00:00,2024-06-29 23:45:00+00:00,2024-06-29 23:45:00+00:00,2024-06-29 23:45:00+00:00,2024-06-29 23:45:00+00:00,2024-06-29 23:45:00+00:00,2024-06-29 23:45:00+00:00,2024-06-29 23:45:00+00:00,2024-06-29 23:45:00+00:00,2024-06-29 23:45:00+00:00,2024-06-29 23:45:00+00:00,2024-06-29 23:45:00+00:00,2024-06-29 23:45:00+00:00,2024-06-29 23:45:00+00:00,2024-06-29 23:45:00+00:00,2024-06-29 23:45:00+00:00,2024-06-29 23:45:00+00:00,2024-06-29 23:45:00+00:00,2024-06-29 23:45:00+00:00,2024-06-29 23:45:00+00:00,2024-06-29 23:45:00+00:00,2024-06-29 23:45:00+00:00,2024-06-29 23:45:00+00:00,2024-06-29 23:45:00+00:00,2024-06-29 23:45:00+00:00,2024-06-29 23:45:00+00:00,2024-06-29 23:45:00+00:00,2024-06-29 23:45:00+00:00,2024-06-29 23:45:00+00:00,2024-06-29 23:45:00+00:00,2024-06-29 23:45:00+00:00,2024-06-29 23:45:00+00:00,2024-06-29 23:45:00+00:00,2024-06-29 23:45:00+00:00,2024-06-29 23:45:00+00:00,2024-06-29 23:45:00+00:00,2024-06-29 23:45:00+00:00,2024-06-29 23:45:00+00:00,2024-06-29 23:45:00+00:00,2024-06-29 23:45:00+00:00,2024-06-29 23:45:00+00:00,2024-06-29 23:45:00+00:00,2024-06-29 23:45:00+00:00,2024-06-29 23:45:00+00:00,2024-06-29 23:45:00+00:00,2024-06-29 23:45:00+00:00,2024-06-29 23:45:00+00:00,2024-06-29 23:45:00+00:00,2024-06-29 23:45:00+00:00,2024-06-29 23:45:00+00:00,2024-06-29 23:45:00+00:00,2024-06-29 23:45:00+00:00,2024-06-29 23:45:00+00:00,2024-06-29 23:45:00+00:00,2024-06-29 23:45:00+00:00,2024-06-29 23:45:00+00:00,2024-06-29 23:45:00+00:00,2024-06-29 23:45:00+00:00,2024-06-29 23:45:00+00:00,2024-06-29 23:45:00+00:00,2024-06-29 23:45:00+00:00,2024-06-29 23:45:00+00:00,2024-06-29 23:45:00+00:00,2024-06-29 23:45:00+00:00,2024-06-29 23:45:00+00:00,2024-06-29 23:45:00+00:00,2024-06-29 23:45:00+00:00,2024-06-29 23:45:00+00:00,2024-06-29 23:45:00+00:00,2024-06-29 23:45:00+00:00,2024-06-29 23:45:00+00:00,2024-06-29 23:45:00+00:00,2024-06-29 23:45:00+00:00,2024-06-29 23:45:00+00:00,2024-06-29 23:45:00+00:00,2024-06-29 23:45:00+00:00,2024-06-29 23:45:00+00:00,2024-06-29 23:45:00+00:00,2024-06-29 23:45:00+00:00,2024-06-29 23:45:00+00:00,2024-06-29 23:45:00+00:00,2024-06-29 23:45:00+00:00,2024-06-29 23:45:00+00:00,2024-06-29 23:45:00+00:00
example_start_date,2023-09-01 00:00:00+00:00,2023-09-01 00:00:00+00:00,2023-09-01 00:00:00+00:00,2023-09-01 00:00:00+00:00,2023-09-01 00:00:00+00:00,2023-09-01 00:00:00+00:00,2023-09-01 00:00:00+00:00,2023-09-01 00:00:00+00:00,2023-09-01 00:00:00+00:00,2023-09-01 00:00:00+00:00,2023-09-01 00:00:00+00:00,2023-09-01 00:00:00+00:00,2023-09-01 00:00:00+00:00,2023-09-01 00:00:00+00:00,2023-09-01 00:00:00+00:00,2023-09-01 00:00:00+00:00,2023-09-01 00:00:00+00:00,2023-09-01 00:00:00+00:00,2023-09-01 00:00:00+00:00,2023-09-01 00:00:00+00:00,2023-09-01 00:00:00+00:00,2023-09-01 00:00:00+00:00,2023-09-01 00:00:00+00:00,2023-09-01 00:00:00+00:00,2023-09-01 00:00:00+00:00,2023-09-01 00:00:00+00:00,2023-09-01 00:00:00+00:00,2023-09-01 00:00:00+00:00,2023-09-01 00:00:00+00:00,2023-09-01 00:00:00+00:00,2023-09-01 00:00:00+00:00,2023-09-01 00:00:00+00:00,2023-09-01 00:00:00+00:00,2023-09-01 00:00:00+00:00,2023-09-01 00:00:00+00:00,2023-09-01 00:00:00+00:00,2023-09-01 00:00:00+00:00,2023-09-01 00:00:00+00:00,2023-09-01 00:00:00+00:00,2023-09-01 00:00:00+00:00,2023-09-01 00:00:00+00:00,2023-09-01 00:00:00+00:00,2023-09-01 00:00:00+00:00,2023-09-01 00:00:00+00:00,2023-09-01 00:00:00+00:00,2023-09-01 00:00:00+00:00,2023-09-01 00:00:00+00:00,2023-09-01 00:00:00+00:00,2023-09-01 00:00:00+00:00,2023-09-01 00:00:00+00:00,2023-09-01 00:00:00+00:00,2023-09-01 00:00:00+00:00,2023-09-01 00:00:00+00:00,2023-09-01 00:00:00+00:00,2023-09-01 00:00:00+00:00,2023-09-01 00:00:00+00:00,2023-09-01 00:00:00+00:00,2023-09-01 00:00:00+00:00,2023-09-01 00:00:00+00:00,2023-09-01 00:00:00+00:00,2023-09-01 00:00:00+00:00,2023-09-01 00:00:00+00:00,2023-09-01 00:00:00+00:00,2023-09-01 00:00:00+00:00,2023-09-01 00:00:00+00:00,2023-09-01 00:00:00+00:00,2023-09-01 00:00:00+00:00,2023-09-01 00:00:00+00:00,2023-09-01 00:00:00+00:00,2023-09-01 00:00:00+00:00,2023-09-01 00:00:00+00:00,2023-09-01 00:00:00+00:00,2023-09-01 00:00:00+00:00,2023-09-01 00:00:00+00:00,2023-09-01 00:00:00+00:00,2023-09-01 00:00:00+00:00,2023-09-01 00:00:00+00:00,2023-09-01 00:00:00+00:00,2023-09-01 00:00:00+00:00,2023-09-01 00:00:00+00:00,2023-09-01 00:00:00+00:00,2023-09-01 00:00:00+00:00,2023-09-01 00:00:00+00:00,2023-09-01 00:00:00+00:00,2023-09-01 00:00:00+00:00,2023-09-01 00:00:00+00:00,2023-09-01 00:00:00+00:00,2023-09-01 00:00:00+00:00,2023-09-01 00:00:00+00:00,2023-09-01 00:00:00+00:00
example_end_date,2023-09-02 23:45:00+00:00,2023-09-02 23:45:00+00:00,2023-09-02 23:45:00+00:00,2023-09-02 23:45:00+00:00,2023-09-02 23:45:00+00:00,2023-09-02 23:45:00+00:00,2023-09-02 23:45:00+00:00,2023-09-02 23:45:00+00:00,2023-09-02 23:45:00+00:00,2023-09-02 23:45:00+00:00,2023-09-02 23:45:00+00:00,2023-09-02 23:45:00+00:00,2023-09-02 23:45:00+00:00,2023-09-02 23:45:00+00:00,2023-09-02 23:45:00+00:00,2023-09-02 23:45:00+00:00,2023-09-02 23:45:00+00:00,2023-09-02 23:45:00+00:00,2023-09-02 23:45:00+00:00,2023-09-02 23:45:00+00:00,2023-09-02 23:45:00+00:00,2023-09-02 23:45:00+00:00,2023-09-02 23:45:00+00:00,2023-09-02 23:45:00+00:00,2023-09-02 23:45:00+00:00,2023-09-02 23:45:00+00:00,2023-09-02 23:45:00+00:00,2023-09-02 23:45:00+00:00,2023-09-02 23:45:00+00:00,2023-09-02 23:45:00+00:00,2023-09-02 23:45:00+00:00,2023-09-02 23:45:00+00:00,2023-09-02 23:45:00+00:00,2023-09-02 23:45:00+00:00,2023-09-02 23:45:00+00:00,2023-09-02 23:45:00+00:00,2023-09-02 23:45:00+00:00,2023-09-02 23:45:00+00:00,2023-09-02 23:45:00+00:00,2023-09-02 23:45:00+00:00,2023-09-02 23:45:00+00:00,2023-09-02 23:45:00+00:00,2023-09-02 23:45:00+00:00,2023-09-02 23:45:00+00:00,2023-09-02 23:45:00+00:00,2023-09-02 23:45:00+00:00,2023-09-02 23:45:00+00:00,2023-09-02 23:45:00+00:00,2023-09-02 23:45:00+00:00,2023-09-02 23:45:00+00:00,2023-09-02 23:45:00+00:00,2023-09-02 23:45:00+00:00,2023-09-02 23:45:00+00:00,2023-09-02 23:45:00+00:00,2023-09-02 23:45:00+00:00,2023-09-02 23:45:00+00:00,2023-09-02 23:45:00+00:00,2023-09-02 23:45:00+00:00,2023-09-02 23:45:00+00:00,2023-09-02 23:45:00+00:00,2023-09-02 23:45:00+00:00,2023-09-02 23:45:00+00:00,2023-09-02 23:45:00+00:00,2023-09-02 23:45:00+00:00,2023-09-02 23:45:00+00:00,2023-09-02 23:45:00+00:00,2023-09-02 23:45:00+00:00,2023-09-02 23:45:00+00:00,2023-09-02 23:45:00+00:00,2023-09-02 23:45:00+00:00,2023-09-02 23:45:00+00:00,2023-09-02 23:45:00+00:00,2023-09-02 23:45:00+00:00,2023-09-02 23:45:00+00:00,2023-09-02 23:45:00+00:00,2023-09-02 23:45:00+00:00,2023-09-02 23:45:00+00:00,2023-09-02 23:45:00+00:00,2023-09-02 23:45:00+00:00,2023-09-02 23:45:00+00:00,2023-09-02 23:45:00+00:00,2023-09-02 23:45:00+00:00,2023-09-02 23:45:00+00:00,2023-09-02 23:45:00+00:00,2023-09-02 23:45:00+00:00,2023-09-02 23:45:00+00:00,2023-09-02 23:45:00+00:00,2023-09-02 23:45:00+00:00,2023-09-02 23:45:00+00:00,2023-09-02 23:45:00+00:00
do_plots,True,True,True,True,True,True,True,True,True,True,True,True,True,True,True,True,True,True,True,True,True,True,True,True,True,True,True,True,True,True,True,True,True,True,True,True,True,True,True,True,True,True,True,True,True,True,True,True,True,True,True,True,True,True,True,True,True,True,True,True,True,True,True,True,True,True,True,True,True,True,True,True,True,True,True,True,True,True,True,True,True,True,True,True,True,True,True,True,True,True
create_input_files,False,False,False,False,False,False,True,False,False,False,False,False,True,False,False,False,False,False,False,False,False,False,False,False,False,False,False,False,False,False,False,False,False,False,False,False,True,False,False,False,False,False,False,False,False,False,False,False,False,False,False,False,False,False,False,False,False,False,False,False,False,False,False,False,False,False,True,False,False,False,False,False,False,False,False,False,False,False,False,False,False,False,False,False,False,False,False,False,False,False
solver_max_time_secs,2000,2000,2000,2000,2000,2000,2000,10000,10000,10000,10000,10000,20000,10000,10000,10000,10000,10000,20000,10000,10000,10000,10000,10000,20000,10000,10000,10000,10000,10000,2000,2000,2000,2000,2000,2000,2000,10000,10000,10000,10000,10000,20000,10000,10000,10000,10000,10000,20000,10000,10000,10000,10000,10000,20000,10000,10000,10000,10000,10000,2000,2000,2000,2000,2000,2000,2000,10000,10000,10000,10000,10000,20000,10000,10000,10000,10000,10000,20000,10000,10000,10000,10000,10000,20000,10000,10000,10000,10000,10000
client_input_folder_path,/Users/kim/Desktop/flex/flex-optimizer/flex_optimizer/inputs,/Users/kim/Desktop/flex/flex-optimizer/flex_optimizer/inputs,/Users/kim/Desktop/flex/flex-optimizer/flex_optimizer/inputs,/Users/kim/Desktop/flex/flex-optimizer/flex_optimizer/inputs,/Users/kim/Desktop/flex/flex-optimizer/flex_optimizer/inputs,/Users/kim/Desktop/flex/flex-optimizer/flex_optimizer/inputs,/Users/judethom/Documents/GitHub/flex/flex-optimizer/flex_optimizer/./client_inputs,/Users/kimthivu/Documents/trawa/flex/flex/flex-optimizer/flex_optimizer/inputs,/Users/kim/Desktop/flex/flex-optimizer/flex_optimizer/inputs,/Users/kim/Desktop/flex/flex-optimizer/flex_optimizer/inputs,/Users/kimthivu/Documents/trawa/flex/flex/flex-optimizer/flex_optimizer/inputs,/Users/kimthivu/Documents/trawa/flex/flex/flex-optimizer/flex_optimizer/inputs,/Users/judethom/Documents/GitHub/flex/flex-optimizer/flex_optimizer/./client_inputs,/Users/kimthivu/Documents/trawa/flex/flex/flex-optimizer/flex_optimizer/inputs,/Users/kim/Desktop/flex/flex-optimizer/flex_optimizer/inputs,/Users/kim/Desktop/flex/flex-optimizer/flex_optimizer/inputs,/Users/kimthivu/Documents/trawa/flex/flex/flex-optimizer/flex_optimizer/inputs,/Users/kimthivu/Documents/trawa/flex/flex/flex-optimizer/flex_optimizer/inputs,/Users/judethom/Documents/GitHub/flex/flex-optimizer/flex_optimizer/./client_inputs,/Users/kimthivu/Documents/trawa/flex/flex/flex-optimizer/flex_optimizer/inputs,/Users/kim/Desktop/flex/flex-optimizer/flex_optimizer/inputs,/Users/kim/Desktop/flex/flex-optimizer/flex_optimizer/inputs,/Users/kimthivu/Documents/trawa/flex/flex/flex-optimizer/flex_optimizer/inputs,/Users/kimthivu/Documents/trawa/flex/flex/flex-optimizer/flex_optimizer/inputs,/Users/judethom/Documents/GitHub/flex/flex-optimizer/flex_optimizer/./client_inputs,/Users/kimthivu/Documents/trawa/flex/flex/flex-optimizer/flex_optimizer/inputs,/Users/kim/Desktop/flex/flex-optimizer/flex_optimizer/inputs,/Users/kim/Desktop/flex/flex-optimizer/flex_optimizer/inputs,/Users/kimthivu/Documents/trawa/flex/flex/flex-optimizer/flex_optimizer/inputs,/Users/kimthivu/Documents/trawa/flex/flex/flex-optimizer/flex_optimizer/inputs,/Users/kim/Desktop/flex/flex-optimizer/flex_optimizer/inputs,/Users/kim/Desktop/flex/flex-optimizer/flex_optimizer/inputs,/Users/kim/Desktop/flex/flex-optimizer/flex_optimizer/inputs,/Users/kim/Desktop/flex/flex-optimizer/flex_optimizer/inputs,/Users/kim/Desktop/flex/flex-optimizer/flex_optimizer/inputs,/Users/kim/Desktop/flex/flex-optimizer/flex_optimizer/inputs,/Users/judethom/Documents/GitHub/flex/flex-optimizer/flex_optimizer/./client_inputs,/Users/kimthivu/Documents/trawa/flex/flex/flex-optimizer/flex_optimizer/inputs,/Users/kim/Desktop/flex/flex-optimizer/flex_optimizer/inputs,/Users/kim/Desktop/flex/flex-optimizer/flex_optimizer/inputs,/Users/kimthivu/Documents/trawa/flex/flex/flex-optimizer/flex_optimizer/inputs,/Users/kimthivu/Documents/trawa/flex/flex/flex-optimizer/flex_optimizer/inputs,/Users/judethom/Documents/GitHub/flex/flex-optimizer/flex_optimizer/./client_inputs,/Users/kimthivu/Documents/trawa/flex/flex/flex-optimizer/flex_optimizer/inputs,/Users/kim/Desktop/flex/flex-optimizer/flex_optimizer/inputs,/Users/kim/Desktop/flex/flex-optimizer/flex_optimizer/inputs,/Users/kimthivu/Documents/trawa/flex/flex/flex-optimizer/flex_optimizer/inputs,/Users/kimthivu/Documents/trawa/flex/flex/flex-optimizer/flex_optimizer/inputs,/Users/judethom/Documents/GitHub/flex/flex-optimizer/flex_optimizer/./client_inputs,/Users/kimthivu/Documents/trawa/flex/flex/flex-optimizer/flex_optimizer/inputs,/Users/kim/Desktop/flex/flex-optimizer/flex_optimizer/inputs,/Users/kim/Desktop/flex/flex-optimizer/flex_optimizer/inputs,/Users/kimthivu/Documents/trawa/flex/flex/flex-optimizer/flex_optimizer/inputs,/Users/kimthivu/Documents/trawa/flex/flex/flex-optimizer/flex_optimizer/inputs,/Users/judethom/Documents/GitHub/flex/flex-optimizer/flex_optimizer/./client_inputs,/Users/kimthivu/Documents/trawa/flex/flex/flex-optimizer/flex_optimizer/inputs,/Users/kim/Desktop/flex/flex-optimizer/flex_optimizer/inputs,/Users/kim/Desktop/flex/flex-optimizer/flex_optimizer/inputs,/Users/kimthivu/Documents/trawa/flex/flex/flex-optimizer/flex_optimizer/inputs,/Users/kimthivu/Documents/trawa/flex/flex/flex-optimizer/flex_optimizer/inputs,/Users/kim/Desktop/flex/flex-optimizer/flex_optimizer/inputs,/Users/kim/Desktop/flex/flex-optimizer/flex_optimizer/inputs,/Users/kim/Desktop/flex/flex-optimizer/flex_optimizer/inputs,/Users/kim/Desktop/flex/flex-optimizer/flex_optimizer/inputs,/Users/kim/Desktop/flex/flex-optimizer/flex_optimizer/inputs,/Users/kim/Desktop/flex/flex-optimizer/flex_optimizer/inputs,/Users/judethom/Documents/GitHub/flex/flex-optimizer/flex_optimizer/./client_inputs,/Users/kimthivu/Documents/trawa/flex/flex/flex-optimizer/flex_optimizer/inputs,/Users/kim/Desktop/flex/flex-optimizer/flex_optimizer/inputs,/Users/kim/Desktop/flex/flex-optimizer/flex_optimizer/inputs,/Users/kimthivu/Documents/trawa/flex/flex/flex-optimizer/flex_optimizer/inputs,/Users/kimthivu/Documents/trawa/flex/flex/flex-optimizer/flex_optimizer/inputs,/Users/judethom/Documents/GitHub/flex/flex-optimizer/flex_optimizer/./client_inputs,/Users/kimthivu/Documents/trawa/flex/flex/flex-optimizer/flex_optimizer/inputs,/Users/kim/Desktop/flex/flex-optimizer/flex_optimizer/inputs,/Users/kim/Desktop/flex/flex-optimizer/flex_optimizer/inputs,/Users/kimthivu/Documents/trawa/flex/flex/flex-optimizer/flex_optimizer/inputs,/Users/kimthivu/Documents/trawa/flex/flex/flex-optimizer/flex_optimizer/inputs,/Users/judethom/Documents/GitHub/flex/flex-optimizer/flex_optimizer/./client_inputs,/Users/kimthivu/Documents/trawa/flex/flex/flex-optimizer/flex_optimizer/inputs,/Users/kim/Desktop/flex/flex-optimizer/flex_optimizer/inputs,/Users/kim/Desktop/flex/flex-optimizer/flex_optimizer/inputs,/Users/kimthivu/Documents/trawa/flex/flex/flex-optimizer/flex_optimizer/inputs,/Users/kimthivu/Documents/trawa/flex/flex/flex-optimizer/flex_optimizer/inputs,/Users/judethom/Documents/GitHub/flex/flex-optimizer/flex_optimizer/./client_inputs,/Users/kimthivu/Documents/trawa/flex/flex/flex-optimizer/flex_optimizer/inputs,/Users/kim/Desktop/flex/flex-optimizer/flex_optimizer/inputs,/Users/kim/Desktop/flex/flex-optimizer/flex_optimizer/inputs,/Users/kimthivu/Documents/trawa/flex/flex/flex-optimizer/flex_optimizer/inputs,/Users/kimthivu/Documents/trawa/flex/flex/flex-optimizer/flex_optimizer/inputs
trawa_input_folder_path,/Users/kim/Desktop/flex/flex-optimizer/trawa_inputs,/Users/kim/Desktop/flex/flex-optimizer/trawa_inputs,/Users/kim/Desktop/flex/flex-optimizer/trawa_inputs,/Users/kim/Desktop/flex/flex-optimizer/trawa_inputs,/Users/kim/Desktop/flex/flex-optimizer/trawa_inputs,/Users/kim/Desktop/flex/flex-optimizer/trawa_inputs,/Users/judethom/Documents/GitHub/flex/flex-optimizer/flex_optimizer/../trawa_inputs,/Users/kimthivu/Documents/trawa/flex/flex/flex-optimizer/trawa_inputs,/Users/kim/Desktop/flex/flex-optimizer/trawa_inputs,/Users/kim/Desktop/flex/flex-optimizer/trawa_inputs,/Users/kimthivu/Documents/trawa/flex/flex/flex-optimizer/trawa_inputs,/Users/kimthivu/Documents/trawa/flex/flex/flex-optimizer/trawa_inputs,/Users/judethom/Documents/GitHub/flex/flex-optimizer/flex_optimizer/../trawa_inputs,/Users/kimthivu/Documents/trawa/flex/flex/flex-optimizer/trawa_inputs,/Users/kim/Desktop/flex/flex-optimizer/trawa_inputs,/Users/kim/Desktop/flex/flex-optimizer/trawa_inputs,/Users/kimthivu/Documents/trawa/flex/flex/flex-optimizer/trawa_inputs,/Users/kimthivu/Documents/trawa/flex/flex/flex-optimizer/trawa_inputs,/Users/judethom/Documents/GitHub/flex/flex-optimizer/flex_optimizer/../trawa_inputs,/Users/kimthivu/Documents/trawa/flex/flex/flex-optimizer/trawa_inputs,/Users/kim/Desktop/flex/flex-optimizer/trawa_inputs,/Users/kim/Desktop/flex/flex-optimizer/trawa_inputs,/Users/kimthivu/Documents/trawa/flex/flex/flex-optimizer/trawa_inputs,/Users/kimthivu/Documents/trawa/flex/flex/flex-optimizer/trawa_inputs,/Users/judethom/Documents/GitHub/flex/flex-optimizer/flex_optimizer/../trawa_inputs,/Users/kimthivu/Documents/trawa/flex/flex/flex-optimizer/trawa_inputs,/Users/kim/Desktop/flex/flex-optimizer/trawa_inputs,/Users/kim/Desktop/flex/flex-optimizer/trawa_inputs,/Users/kimthivu/Documents/trawa/flex/flex/flex-optimizer/trawa_inputs,/Users/kimthivu/Documents/trawa/flex/flex/flex-optimizer/trawa_inputs,/Users/kim/Desktop/flex/flex-optimizer/trawa_inputs,/Users/kim/Desktop/flex/flex-optimizer/trawa_inputs,/Users/kim/Desktop/flex/flex-optimizer/trawa_inputs,/Users/kim/Desktop/flex/flex-optimizer/trawa_inputs,/Users/kim/Desktop/flex/flex-optimizer/trawa_inputs,/Users/kim/Desktop/flex/flex-optimizer/trawa_inputs,/Users/judethom/Documents/GitHub/flex/flex-optimizer/flex_optimizer/../trawa_inputs,/Users/kimthivu/Documents/trawa/flex/flex/flex-optimizer/trawa_inputs,/Users/kim/Desktop/flex/flex-optimizer/trawa_inputs,/Users/kim/Desktop/flex/flex-optimizer/trawa_inputs,/Users/kimthivu/Documents/trawa/flex/flex/flex-optimizer/trawa_inputs,/Users/kimthivu/Documents/trawa/flex/flex/flex-optimizer/trawa_inputs,/Users/judethom/Documents/GitHub/flex/flex-optimizer/flex_optimizer/../trawa_inputs,/Users/kimthivu/Documents/trawa/flex/flex/flex-optimizer/trawa_inputs,/Users/kim/Desktop/flex/flex-optimizer/trawa_inputs,/Users/kim/Desktop/flex/flex-optimizer/trawa_inputs,/Users/kimthivu/Documents/trawa/flex/flex/flex-optimizer/trawa_inputs,/Users/kimthivu/Documents/trawa/flex/flex/flex-optimizer/trawa_inputs,/Users/judethom/Documents/GitHub/flex/flex-optimizer/flex_optimizer/../trawa_inputs,/Users/kimthivu/Documents/trawa/flex/flex/flex-optimizer/trawa_inputs,/Users/kim/Desktop/flex/flex-optimizer/trawa_inputs,/Users/kim/Desktop/flex/flex-optimizer/trawa_inputs,/Users/kimthivu/Documents/trawa/flex/flex/flex-optimizer/trawa_inputs,/Users/kimthivu/Documents/trawa/flex/flex/flex-optimizer/trawa_inputs,/Users/judethom/Documents/GitHub/flex/flex-optimizer/flex_optimizer/../trawa_inputs,/Users/kimthivu/Documents/trawa/flex/flex/flex-optimizer/trawa_inputs,/Users/kim/Desktop/flex/flex-optimizer/trawa_inputs,/Users/kim/Desktop/flex/flex-optimizer/trawa_inputs,/Users/kimthivu/Documents/trawa/flex/flex/flex-optimizer/trawa_inputs,/Users/kimthivu/Documents/trawa/flex/flex/flex-optimizer/trawa_inputs,/Users/kim/Desktop/flex/flex-optimizer/trawa_inputs,/Users/kim/Desktop/flex/flex-optimizer/trawa_inputs,/Users/kim/Desktop/flex/flex-optimizer/trawa_inputs,/Users/kim/Desktop/flex/flex-optimizer/trawa_inputs,/Users/kim/Desktop/flex/flex-optimizer/trawa_inputs,/Users/kim/Desktop/flex/flex-optimizer/trawa_inputs,/Users/judethom/Documents/GitHub/flex/flex-optimizer/flex_optimizer/../trawa_inputs,/Users/kimthivu/Documents/trawa/flex/flex/flex-optimizer/trawa_inputs,/Users/kim/Desktop/flex/flex-optimizer/trawa_inputs,/Users/kim/Desktop/flex/flex-optimizer/trawa_inputs,/Users/kimthivu/Documents/trawa/flex/flex/flex-optimizer/trawa_inputs,/Users/kimthivu/Documents/trawa/flex/flex/flex-optimizer/trawa_inputs,/Users/judethom/Documents/GitHub/flex/flex-optimizer/flex_optimizer/../trawa_inputs,/Users/kimthivu/Documents/trawa/flex/flex/flex-optimizer/trawa_inputs,/Users/kim/Desktop/flex/flex-optimizer/trawa_inputs,/Users/kim/Desktop/flex/flex-optimizer/trawa_inputs,/Users/kimthivu/Documents/trawa/flex/flex/flex-optimizer/trawa_inputs,/Users/kimthivu/Documents/trawa/flex/flex/flex-optimizer/trawa_inputs,/Users/judethom/Documents/GitHub/flex/flex-optimizer/flex_optimizer/../trawa_inputs,/Users/kimthivu/Documents/trawa/flex/flex/flex-optimizer/trawa_inputs,/Users/kim/Desktop/flex/flex-optimizer/trawa_inputs,/Users/kim/Desktop/flex/flex-optimizer/trawa_inputs,/Users/kimthivu/Documents/trawa/flex/flex/flex-optimizer/trawa_inputs,/Users/kimthivu/Documents/trawa/flex/flex/flex-optimizer/trawa_inputs,/Users/judethom/Documents/GitHub/flex/flex-optimizer/flex_optimizer/../trawa_inputs,/Users/kimthivu/Documents/trawa/flex/flex/flex-optimizer/trawa_inputs,/Users/kim/Desktop/flex/flex-optimizer/trawa_inputs,/Users/kim/Desktop/flex/flex-optimizer/trawa_inputs,/Users/kimthivu/Documents/trawa/flex/flex/flex-optimizer/trawa_inputs,/Users/kimthivu/Documents/trawa/flex/flex/flex-optimizer/trawa_inputs
output_folder_path,/Users/kim/Desktop/flex/flex-optimizer/flex_optimizer/./outputs,/Users/kim/Desktop/flex/flex-optimizer/flex_optimizer/./outputs,/Users/kim/Desktop/flex/flex-optimizer/flex_optimizer/./outputs,/Users/kim/Desktop/flex/flex-optimizer/flex_optimizer/./outputs,/Users/kim/Desktop/flex/flex-optimizer/flex_optimizer/./outputs,/Users/kim/Desktop/flex/flex-optimizer/flex_optimizer/./outputs,/Users/judethom/Documents/GitHub/flex/flex-optimizer/flex_optimizer/./outputs,/Users/kimthivu/Documents/trawa/flex/flex/flex-optimizer/flex_optimizer/outputs,/Users/kim/Desktop/flex/flex-optimizer/flex_optimizer/./outputs,/Users/kim/Desktop/flex/flex-optimizer/flex_optimizer/./outputs,/Users/kimthivu/Documents/trawa/flex/flex/flex-optimizer/flex_optimizer/outputs,/Users/kimthivu/Documents/trawa/flex/flex/flex-optimizer/flex_optimizer/outputs,/Users/judethom/Documents/GitHub/flex/flex-optimizer/flex_optimizer/./outputs,/Users/kimthivu/Documents/trawa/flex/flex/flex-optimizer/flex_optimizer/outputs,/Users/kim/Desktop/flex/flex-optimizer/flex_optimizer/./outputs,/Users/kim/Desktop/flex/flex-optimizer/flex_optimizer/./outputs,/Users/kimthivu/Documents/trawa/flex/flex/flex-optimizer/flex_optimizer/outputs,/Users/kimthivu/Documents/trawa/flex/flex/flex-optimizer/flex_optimizer/outputs,/Users/judethom/Documents/GitHub/flex/flex-optimizer/flex_optimizer/./outputs,/Users/kimthivu/Documents/trawa/flex/flex/flex-optimizer/flex_optimizer/outputs,/Users/kim/Desktop/flex/flex-optimizer/flex_optimizer/./outputs,/Users/kim/Desktop/flex/flex-optimizer/flex_optimizer/./outputs,/Users/kimthivu/Documents/trawa/flex/flex/flex-optimizer/flex_optimizer/outputs,/Users/kimthivu/Documents/trawa/flex/flex/flex-optimizer/flex_optimizer/outputs,/Users/judethom/Documents/GitHub/flex/flex-optimizer/flex_optimizer/./outputs,/Users/kimthivu/Documents/trawa/flex/flex/flex-optimizer/flex_optimizer/outputs,/Users/kim/Desktop/flex/flex-optimizer/flex_optimizer/./outputs,/Users/kim/Desktop/flex/flex-optimizer/flex_optimizer/./outputs,/Users/kimthivu/Documents/trawa/flex/flex/flex-optimizer/flex_optimizer/outputs,/Users/kimthivu/Documents/trawa/flex/flex/flex-optimizer/flex_optimizer/outputs,/Users/kim/Desktop/flex/flex-optimizer/flex_optimizer/./outputs,/Users/kim/Desktop/flex/flex-optimizer/flex_optimizer/./outputs,/Users/kim/Desktop/flex/flex-optimizer/flex_optimizer/./outputs,/Users/kim/Desktop/flex/flex-optimizer/flex_optimizer/./outputs,/Users/kim/Desktop/flex/flex-optimizer/flex_optimizer/./outputs,/Users/kim/Desktop/flex/flex-optimizer/flex_optimizer/./outputs,/Users/judethom/Documents/GitHub/flex/flex-optimizer/flex_optimizer/./outputs,/Users/kimthivu/Documents/trawa/flex/flex/flex-optimizer/flex_optimizer/outputs,/Users/kim/Desktop/flex/flex-optimizer/flex_optimizer/./outputs,/Users/kim/Desktop/flex/flex-optimizer/flex_optimizer/./outputs,/Users/kimthivu/Documents/trawa/flex/flex/flex-optimizer/flex_optimizer/outputs,/Users/kimthivu/Documents/trawa/flex/flex/flex-optimizer/flex_optimizer/outputs,/Users/judethom/Documents/GitHub/flex/flex-optimizer/flex_optimizer/./outputs,/Users/kimthivu/Documents/trawa/flex/flex/flex-optimizer/flex_optimizer/outputs,/Users/kim/Desktop/flex/flex-optimizer/flex_optimizer/./outputs,/Users/kim/Desktop/flex/flex-optimizer/flex_optimizer/./outputs,/Users/kimthivu/Documents/trawa/flex/flex/flex-optimizer/flex_optimizer/outputs,/Users/kimthivu/Documents/trawa/flex/flex/flex-optimizer/flex_optimizer/outputs,/Users/judethom/Documents/GitHub/flex/flex-optimizer/flex_optimizer/./outputs,/Users/kimthivu/Documents/trawa/flex/flex/flex-optimizer/flex_optimizer/outputs,/Users/kim/Desktop/flex/flex-optimizer/flex_optimizer/./outputs,/Users/kim/Desktop/flex/flex-optimizer/flex_optimizer/./outputs,/Users/kimthivu/Documents/trawa/flex/flex/flex-optimizer/flex_optimizer/outputs,/Users/kimthivu/Documents/trawa/flex/flex/flex-optimizer/flex_optimizer/outputs,/Users/judethom/Documents/GitHub/flex/flex-optimizer/flex_optimizer/./outputs,/Users/kimthivu/Documents/trawa/flex/flex/flex-optimizer/flex_optimizer/outputs,/Users/kim/Desktop/flex/flex-optimizer/flex_optimizer/./outputs,/Users/kim/Desktop/flex/flex-optimizer/flex_optimizer/./outputs,/Users/kimthivu/Documents/trawa/flex/flex/flex-optimizer/flex_optimizer/outputs,/Users/kimthivu/Documents/trawa/flex/flex/flex-optimizer/flex_optimizer/outputs,/Users/kim/Desktop/flex/flex-optimizer/flex_optimizer/./outputs,/Users/kim/Desktop/flex/flex-optimizer/flex_optimizer/./outputs,/Users/kim/Desktop/flex/flex-optimizer/flex_optimizer/./outputs,/Users/kim/Desktop/flex/flex-optimizer/flex_optimizer/./outputs,/Users/kim/Desktop/flex/flex-optimizer/flex_optimizer/./outputs,/Users/kim/Desktop/flex/flex-optimizer/flex_optimizer/./outputs,/Users/judethom/Documents/GitHub/flex/flex-optimizer/flex_optimizer/./outputs,/Users/kimthivu/Documents/trawa/flex/flex/flex-optimizer/flex_optimizer/outputs,/Users/kim/Desktop/flex/flex-optimizer/flex_optimizer/./outputs,/Users/kim/Desktop/flex/flex-optimizer/flex_optimizer/./outputs,/Users/kimthivu/Documents/trawa/flex/flex/flex-optimizer/flex_optimizer/outputs,/Users/kimthivu/Documents/trawa/flex/flex/flex-optimizer/flex_optimizer/outputs,/Users/judethom/Documents/GitHub/flex/flex-optimizer/flex_optimizer/./outputs,/Users/kimthivu/Documents/trawa/flex/flex/flex-optimizer/flex_optimizer/outputs,/Users/kim/Desktop/flex/flex-optimizer/flex_optimizer/./outputs,/Users/kim/Desktop/flex/flex-optimizer/flex_optimizer/./outputs,/Users/kimthivu/Documents/trawa/flex/flex/flex-optimizer/flex_optimizer/outputs,/Users/kimthivu/Documents/trawa/flex/flex/flex-optimizer/flex_optimizer/outputs,/Users/judethom/Documents/GitHub/flex/flex-optimizer/flex_optimizer/./outputs,/Users/kimthivu/Documents/trawa/flex/flex/flex-optimizer/flex_optimizer/outputs,/Users/kim/Desktop/flex/flex-optimizer/flex_optimizer/./outputs,/Users/kim/Desktop/flex/flex-optimizer/flex_optimizer/./outputs,/Users/kimthivu/Documents/trawa/flex/flex/flex-optimizer/flex_optimizer/outputs,/Users/kimthivu/Documents/trawa/flex/flex/flex-optimizer/flex_optimizer/outputs,/Users/judethom/Documents/GitHub/flex/flex-optimizer/flex_optimizer/./outputs,/Users/kimthivu/Documents/trawa/flex/flex/flex-optimizer/flex_optimizer/outputs,/Users/kim/Desktop/flex/flex-optimizer/flex_optimizer/./outputs,/Users/kim/Desktop/flex/flex-optimizer/flex_optimizer/./outputs,/Users/kimthivu/Documents/trawa/flex/flex/flex-optimizer/flex_optimizer/outputs,/Users/kimthivu/Documents/trawa/flex/flex/flex-optimizer/flex_optimizer/outputs
project_root,/Users/kim/Desktop/flex/flex-optimizer/flex_optimizer,/Users/kim/Desktop/flex/flex-optimizer/flex_optimizer,/Users/kim/Desktop/flex/flex-optimizer/flex_optimizer,/Users/kim/Desktop/flex/flex-optimizer/flex_optimizer,/Users/kim/Desktop/flex/flex-optimizer/flex_optimizer,/Users/kim/Desktop/flex/flex-optimizer/flex_optimizer,/Users/judethom/Documents/GitHub/flex/flex-optimizer/flex_optimizer,/Users/kimthivu/Documents/trawa/flex/flex/flex-optimizer/flex_optimizer,/Users/kim/Desktop/flex/flex-optimizer/flex_optimizer,/Users/kim/Desktop/flex/flex-optimizer/flex_optimizer,/Users/kimthivu/Documents/trawa/flex/flex/flex-optimizer/flex_optimizer,/Users/kimthivu/Documents/trawa/flex/flex/flex-optimizer/flex_optimizer,/Users/judethom/Documents/GitHub/flex/flex-optimizer/flex_optimizer,/Users/kimthivu/Documents/trawa/flex/flex/flex-optimizer/flex_optimizer,/Users/kim/Desktop/flex/flex-optimizer/flex_optimizer,/Users/kim/Desktop/flex/flex-optimizer/flex_optimizer,/Users/kimthivu/Documents/trawa/flex/flex/flex-optimizer/flex_optimizer,/Users/kimthivu/Documents/trawa/flex/flex/flex-optimizer/flex_optimizer,/Users/judethom/Documents/GitHub/flex/flex-optimizer/flex_optimizer,/Users/kimthivu/Documents/trawa/flex/flex/flex-optimizer/flex_optimizer,/Users/kim/Desktop/flex/flex-optimizer/flex_optimizer,/Users/kim/Desktop/flex/flex-optimizer/flex_optimizer,/Users/kimthivu/Documents/trawa/flex/flex/flex-optimizer/flex_optimizer,/Users/kimthivu/Documents/trawa/flex/flex/flex-optimizer/flex_optimizer,/Users/judethom/Documents/GitHub/flex/flex-optimizer/flex_optimizer,/Users/kimthivu/Documents/trawa/flex/flex/flex-optimizer/flex_optimizer,/Users/kim/Desktop/flex/flex-optimizer/flex_optimizer,/Users/kim/Desktop/flex/flex-optimizer/flex_optimizer,/Users/kimthivu/Documents/trawa/flex/flex/flex-optimizer/flex_optimizer,/Users/kimthivu/Documents/trawa/flex/flex/flex-optimizer/flex_optimizer,/Users/kim/Desktop/flex/flex-optimizer/flex_optimizer,/Users/kim/Desktop/flex/flex-optimizer/flex_optimizer,/Users/kim/Desktop/flex/flex-optimizer/flex_optimizer,/Users/kim/Desktop/flex/flex-optimizer/flex_optimizer,/Users/kim/Desktop/flex/flex-optimizer/flex_optimizer,/Users/kim/Desktop/flex/flex-optimizer/flex_optimizer,/Users/judethom/Documents/GitHub/flex/flex-optimizer/flex_optimizer,/Users/kimthivu/Documents/trawa/flex/flex/flex-optimizer/flex_optimizer,/Users/kim/Desktop/flex/flex-optimizer/flex_optimizer,/Users/kim/Desktop/flex/flex-optimizer/flex_optimizer,/Users/kimthivu/Documents/trawa/flex/flex/flex-optimizer/flex_optimizer,/Users/kimthivu/Documents/trawa/flex/flex/flex-optimizer/flex_optimizer,/Users/judethom/Documents/GitHub/flex/flex-optimizer/flex_optimizer,/Users/kimthivu/Documents/trawa/flex/flex/flex-optimizer/flex_optimizer,/Users/kim/Desktop/flex/flex-optimizer/flex_optimizer,/Users/kim/Desktop/flex/flex-optimizer/flex_optimizer,/Users/kimthivu/Documents/trawa/flex/flex/flex-optimizer/flex_optimizer,/Users/kimthivu/Documents/trawa/flex/flex/flex-optimizer/flex_optimizer,/Users/judethom/Documents/GitHub/flex/flex-optimizer/flex_optimizer,/Users/kimthivu/Documents/trawa/flex/flex/flex-optimizer/flex_optimizer,/Users/kim/Desktop/flex/flex-optimizer/flex_optimizer,/Users/kim/Desktop/flex/flex-optimizer/flex_optimizer,/Users/kimthivu/Documents/trawa/flex/flex/flex-optimizer/flex_optimizer,/Users/kimthivu/Documents/trawa/flex/flex/flex-optimizer/flex_optimizer,/Users/judethom/Documents/GitHub/flex/flex-optimizer/flex_optimizer,/Users/kimthivu/Documents/trawa/flex/flex/flex-optimizer/flex_optimizer,/Users/kim/Desktop/flex/flex-optimizer/flex_optimizer,/Users/kim/Desktop/flex/flex-optimizer/flex_optimizer,/Users/kimthivu/Documents/trawa/flex/flex/flex-optimizer/flex_optimizer,/Users/kimthivu/Documents/trawa/flex/flex/flex-optimizer/flex_optimizer,/Users/kim/Desktop/flex/flex-optimizer/flex_optimizer,/Users/kim/Desktop/flex/flex-optimizer/flex_optimizer,/Users/kim/Desktop/flex/flex-optimizer/flex_optimizer,/Users/kim/Desktop/flex/flex-optimizer/flex_optimizer,/Users/kim/Desktop/flex/flex-optimizer/flex_optimizer,/Users/kim/Desktop/flex/flex-optimizer/flex_optimizer,/Users/judethom/Documents/GitHub/flex/flex-optimizer/flex_optimizer,/Users/kimthivu/Documents/trawa/flex/flex/flex-optimizer/flex_optimizer,/Users/kim/Desktop/flex/flex-optimizer/flex_optimizer,/Users/kim/Desktop/flex/flex-optimizer/flex_optimizer,/Users/kimthivu/Documents/trawa/flex/flex/flex-optimizer/flex_optimizer,/Users/kimthivu/Documents/trawa/flex/flex/flex-optimizer/flex_optimizer,/Users/judethom/Documents/GitHub/flex/flex-optimizer/flex_optimizer,/Users/kimthivu/Documents/trawa/flex/flex/flex-optimizer/flex_optimizer,/Users/kim/Desktop/flex/flex-optimizer/flex_optimizer,/Users/kim/Desktop/flex/flex-optimizer/flex_optimizer,/Users/kimthivu/Documents/trawa/flex/flex/flex-optimizer/flex_optimizer,/Users/kimthivu/Documents/trawa/flex/flex/flex-optimizer/flex_optimizer,/Users/judethom/Documents/GitHub/flex/flex-optimizer/flex_optimizer,/Users/kimthivu/Documents/trawa/flex/flex/flex-optimizer/flex_optimizer,/Users/kim/Desktop/flex/flex-optimizer/flex_optimizer,/Users/kim/Desktop/flex/flex-optimizer/flex_optimizer,/Users/kimthivu/Documents/trawa/flex/flex/flex-optimizer/flex_optimizer,/Users/kimthivu/Documents/trawa/flex/flex/flex-optimizer/flex_optimizer,/Users/judethom/Documents/GitHub/flex/flex-optimizer/flex_optimizer,/Users/kimthivu/Documents/trawa/flex/flex/flex-optimizer/flex_optimizer,/Users/kim/Desktop/flex/flex-optimizer/flex_optimizer,/Users/kim/Desktop/flex/flex-optimizer/flex_optimizer,/Users/kimthivu/Documents/trawa/flex/flex/flex-optimizer/flex_optimizer,/Users/kimthivu/Documents/trawa/flex/flex/flex-optimizer/flex_optimizer
list_file_pv_load_specific,[],[],[],[],[],[],[],[],[],[],[],[],[],[],[],[],[],[],[],[],[],[],[],[],[],[],[],[],[],[],[],[],[],[],[],[],[],[],[],[],[],[],[],[],[],[],[],[],[],[],[],[],[],[],[],[],[],[],[],[],[],[],[],[],[],[],[],[],[],[],[],[],[],[],[],[],[],[],[],[],[],[],[],[],[],[],[],[],[],[]
list_file_consumption_load,['/Users/kim/Desktop/flex/flex-optimizer/flex_optimizer/inputs/load_consumption_generic_300000.csv'],['/Users/kim/Desktop/flex/flex-optimizer/flex_optimizer/inputs/load_consumption_generic_600000.csv'],['/Users/kim/Desktop/flex/flex-optimizer/flex_optimizer/inputs/load_consumption_generic_1000000.csv'],['/Users/kim/Desktop/flex/flex-optimizer/flex_optimizer/inputs/load_consumption_generic_2000000.csv'],['/Users/kim/Desktop/flex/flex-optimizer/flex_optimizer/inputs/load_consumption_generic_3000000.csv'],['/Users/kim/Desktop/flex/flex-optimizer/flex_optimizer/inputs/load_consumption_generic_5000000.csv'],['/Users/judethom/Documents/GitHub/flex/flex-optimizer/flex_optimizer/./client_inputs/load_consumption_generic_300000.csv'],['/Users/kimthivu/Documents/trawa/flex/flex/flex-optimizer/flex_optimizer/inputs/load_consumption_generic_600000.csv'],['/Users/kim/Desktop/flex/flex-optimizer/flex_optimizer/inputs/load_consumption_generic_1000000.csv'],['/Users/kim/Desktop/flex/flex-optimizer/flex_optimizer/inputs/load_consumption_generic_2000000.csv'],['/Users/kimthivu/Documents/trawa/flex/flex/flex-optimizer/flex_optimizer/inputs/load_consumption_generic_3000000.csv'],['/Users/kimthivu/Documents/trawa/flex/flex/flex-optimizer/flex_optimizer/inputs/load_consumption_generic_5000000.csv'],['/Users/judethom/Documents/GitHub/flex/flex-optimizer/flex_optimizer/./client_inputs/load_consumption_generic_300000.csv'],['/Users/kimthivu/Documents/trawa/flex/flex/flex-optimizer/flex_optimizer/inputs/load_consumption_generic_600000.csv'],['/Users/kim/Desktop/flex/flex-optimizer/flex_optimizer/inputs/load_consumption_generic_1000000.csv'],['/Users/kim/Desktop/flex/flex-optimizer/flex_optimizer/inputs/load_consumption_generic_2000000.csv'],['/Users/kimthivu/Documents/trawa/flex/flex/flex-optimizer/flex_optimizer/inputs/load_consumption_generic_3000000.csv'],['/Users/kimthivu/Documents/trawa/flex/flex/flex-optimizer/flex_optimizer/inputs/load_consumption_generic_5000000.csv'],['/Users/judethom/Documents/GitHub/flex/flex-optimizer/flex_optimizer/./client_inputs/load_consumption_generic_300000.csv'],['/Users/kimthivu/Documents/trawa/flex/flex/flex-optimizer/flex_optimizer/inputs/load_consumption_generic_600000.csv'],['/Users/kim/Desktop/flex/flex-optimizer/flex_optimizer/inputs/load_consumption_generic_1000000.csv'],['/Users/kim/Desktop/flex/flex-optimizer/flex_optimizer/inputs/load_consumption_generic_2000000.csv'],['/Users/kimthivu/Documents/trawa/flex/flex/flex-optimizer/flex_optimizer/inputs/load_consumption_generic_3000000.csv'],['/Users/kimthivu/Documents/trawa/flex/flex/flex-optimizer/flex_optimizer/inputs/load_consumption_generic_5000000.csv'],['/Users/judethom/Documents/GitHub/flex/flex-optimizer/flex_optimizer/./client_inputs/load_consumption_generic_300000.csv'],['/Users/kimthivu/Documents/trawa/flex/flex/flex-optimizer/flex_optimizer/inputs/load_consumption_generic_600000.csv'],['/Users/kim/Desktop/flex/flex-optimizer/flex_optimizer/inputs/load_consumption_generic_1000000.csv'],['/Users/kim/Desktop/flex/flex-optimizer/flex_optimizer/inputs/load_consumption_generic_2000000.csv'],['/Users/kimthivu/Documents/trawa/flex/flex/flex-optimizer/flex_optimizer/inputs/load_consumption_generic_3000000.csv'],['/Users/kimthivu/Documents/trawa/flex/flex/flex-optimizer/flex_optimizer/inputs/load_consumption_generic_5000000.csv'],['/Users/kim/Desktop/flex/flex-optimizer/flex_optimizer/inputs/load_consumption_generic_300000.csv'],['/Users/kim/Desktop/flex/flex-optimizer/flex_optimizer/inputs/load_consumption_generic_600000.csv'],['/Users/kim/Desktop/flex/flex-optimizer/flex_optimizer/inputs/load_consumption_generic_1000000.csv'],['/Users/kim/Desktop/flex/flex-optimizer/flex_optimizer/inputs/load_consumption_generic_2000000.csv'],['/Users/kim/Desktop/flex/flex-optimizer/flex_optimizer/inputs/load_consumption_generic_3000000.csv'],['/Users/kim/Desktop/flex/flex-optimizer/flex_optimizer/inputs/load_consumption_generic_5000000.csv'],['/Users/judethom/Documents/GitHub/flex/flex-optimizer/flex_optimizer/./client_inputs/load_consumption_generic_300000.csv'],['/Users/kimthivu/Documents/trawa/flex/flex/flex-optimizer/flex_optimizer/inputs/load_consumption_generic_600000.csv'],['/Users/kim/Desktop/flex/flex-optimizer/flex_optimizer/inputs/load_consumption_generic_1000000.csv'],['/Users/kim/Desktop/flex/flex-optimizer/flex_optimizer/inputs/load_consumption_generic_2000000.csv'],['/Users/kimthivu/Documents/trawa/flex/flex/flex-optimizer/flex_optimizer/inputs/load_consumption_generic_3000000.csv'],['/Users/kimthivu/Documents/trawa/flex/flex/flex-optimizer/flex_optimizer/inputs/load_consumption_generic_5000000.csv'],['/Users/judethom/Documents/GitHub/flex/flex-optimizer/flex_optimizer/./client_inputs/load_consumption_generic_300000.csv'],['/Users/kimthivu/Documents/trawa/flex/flex/flex-optimizer/flex_optimizer/inputs/load_consumption_generic_600000.csv'],['/Users/kim/Desktop/flex/flex-optimizer/flex_optimizer/inputs/load_consumption_generic_1000000.csv'],['/Users/kim/Desktop/flex/flex-optimizer/flex_optimizer/inputs/load_consumption_generic_2000000.csv'],['/Users/kimthivu/Documents/trawa/flex/flex/flex-optimizer/flex_optimizer/inputs/load_consumption_generic_3000000.csv'],['/Users/kimthivu/Documents/trawa/flex/flex/flex-optimizer/flex_optimizer/inputs/load_consumption_generic_5000000.csv'],['/Users/judethom/Documents/GitHub/flex/flex-optimizer/flex_optimizer/./client_inputs/load_consumption_generic_300000.csv'],['/Users/kimthivu/Documents/trawa/flex/flex/flex-optimizer/flex_optimizer/inputs/load_consumption_generic_600000.csv'],['/Users/kim/Desktop/flex/flex-optimizer/flex_optimizer/inputs/load_consumption_generic_1000000.csv'],['/Users/kim/Desktop/flex/flex-optimizer/flex_optimizer/inputs/load_consumption_generic_2000000.csv'],['/Users/kimthivu/Documents/trawa/flex/flex/flex-optimizer/flex_optimizer/inputs/load_consumption_generic_3000000.csv'],['/Users/kimthivu/Documents/trawa/flex/flex/flex-optimizer/flex_optimizer/inputs/load_consumption_generic_5000000.csv'],['/Users/judethom/Documents/GitHub/flex/flex-optimizer/flex_optimizer/./client_inputs/load_consumption_generic_300000.csv'],['/Users/kimthivu/Documents/trawa/flex/flex/flex-optimizer/flex_optimizer/inputs/load_consumption_generic_600000.csv'],['/Users/kim/Desktop/flex/flex-optimizer/flex_optimizer/inputs/load_consumption_generic_1000000.csv'],['/Users/kim/Desktop/flex/flex-optimizer/flex_optimizer/inputs/load_consumption_generic_2000000.csv'],['/Users/kimthivu/Documents/trawa/flex/flex/flex-optimizer/flex_optimizer/inputs/load_consumption_generic_3000000.csv'],['/Users/kimthivu/Documents/trawa/flex/flex/flex-optimizer/flex_optimizer/inputs/load_consumption_generic_5000000.csv'],['/Users/kim/Desktop/flex/flex-optimizer/flex_optimizer/inputs/load_consumption_generic_300000.csv'],['/Users/kim/Desktop/flex/flex-optimizer/flex_optimizer/inputs/load_consumption_generic_600000.csv'],['/Users/kim/Desktop/flex/flex-optimizer/flex_optimizer/inputs/load_consumption_generic_1000000.csv'],['/Users/kim/Desktop/flex/flex-optimizer/flex_optimizer/inputs/load_consumption_generic_2000000.csv'],['/Users/kim/Desktop/flex/flex-optimizer/flex_optimizer/inputs/load_consumption_generic_3000000.csv'],['/Users/kim/Desktop/flex/flex-optimizer/flex_optimizer/inputs/load_consumption_generic_5000000.csv'],['/Users/judethom/Documents/GitHub/flex/flex-optimizer/flex_optimizer/./client_inputs/load_consumption_generic_300000.csv'],['/Users/kimthivu/Documents/trawa/flex/flex/flex-optimizer/flex_optimizer/inputs/load_consumption_generic_600000.csv'],['/Users/kim/Desktop/flex/flex-optimizer/flex_optimizer/inputs/load_consumption_generic_1000000.csv'],['/Users/kim/Desktop/flex/flex-optimizer/flex_optimizer/inputs/load_consumption_generic_2000000.csv'],['/Users/kimthivu/Documents/trawa/flex/flex/flex-optimizer/flex_optimizer/inputs/load_consumption_generic_3000000.csv'],['/Users/kimthivu/Documents/trawa/flex/flex/flex-optimizer/flex_optimizer/inputs/load_consumption_generic_5000000.csv'],['/Users/judethom/Documents/GitHub/flex/flex-optimizer/flex_optimizer/./client_inputs/load_consumption_generic_300000.csv'],['/Users/kimthivu/Documents/trawa/flex/flex/flex-optimizer/flex_optimizer/inputs/load_consumption_generic_600000.csv'],['/Users/kim/Desktop/flex/flex-optimizer/flex_optimizer/inputs/load_consumption_generic_1000000.csv'],['/Users/kim/Desktop/flex/flex-optimizer/flex_optimizer/inputs/load_consumption_generic_2000000.csv'],['/Users/kimthivu/Documents/trawa/flex/flex/flex-optimizer/flex_optimizer/inputs/load_consumption_generic_3000000.csv'],['/Users/kimthivu/Documents/trawa/flex/flex/flex-optimizer/flex_optimizer/inputs/load_consumption_generic_5000000.csv'],['/Users/judethom/Documents/GitHub/flex/flex-optimizer/flex_optimizer/./client_inputs/load_consumption_generic_300000.csv'],['/Users/kimthivu/Documents/trawa/flex/flex/flex-optimizer/flex_optimizer/inputs/load_consumption_generic_600000.csv'],['/Users/kim/Desktop/flex/flex-optimizer/flex_optimizer/inputs/load_consumption_generic_1000000.csv'],['/Users/kim/Desktop/flex/flex-optimizer/flex_optimizer/inputs/load_consumption_generic_2000000.csv'],['/Users/kimthivu/Documents/trawa/flex/flex/flex-optimizer/flex_optimizer/inputs/load_consumption_generic_3000000.csv'],['/Users/kimthivu/Documents/trawa/flex/flex/flex-optimizer/flex_optimizer/inputs/load_consumption_generic_5000000.csv'],['/Users/judethom/Documents/GitHub/flex/flex-optimizer/flex_optimizer/./client_inputs/load_consumption_generic_300000.csv'],['/Users/kimthivu/Documents/trawa/flex/flex/flex-optimizer/flex_optimizer/inputs/load_consumption_generic_600000.csv'],['/Users/kim/Desktop/flex/flex-optimizer/flex_optimizer/inputs/load_consumption_generic_1000000.csv'],['/Users/kim/Desktop/flex/flex-optimizer/flex_optimizer/inputs/load_consumption_generic_2000000.csv'],['/Users/kimthivu/Documents/trawa/flex/flex/flex-optimizer/flex_optimizer/inputs/load_consumption_generic_3000000.csv'],['/Users/kimthivu/Documents/trawa/flex/flex/flex-optimizer/flex_optimizer/inputs/load_consumption_generic_5000000.csv']
list_file_generator_load,[],[],[],[],[],[],[],[],[],[],[],[],[],[],[],[],[],[],[],[],[],[],[],[],[],[],[],[],[],[],[],[],[],[],[],[],[],[],[],[],[],[],[],[],[],[],[],[],[],[],[],[],[],[],[],[],[],[],[],[],[],[],[],[],[],[],[],[],[],[],[],[],[],[],[],[],[],[],[],[],[],[],[],[],[],[],[],[],[],[]
file_pv_load_simulated,/Users/kim/Desktop/flex/flex-optimizer/flex_optimizer/inputs/load_pv_simulated.csv,/Users/kim/Desktop/flex/flex-optimizer/flex_optimizer/inputs/load_pv_simulated.csv,/Users/kim/Desktop/flex/flex-optimizer/flex_optimizer/inputs/load_pv_simulated.csv,/Users/kim/Desktop/flex/flex-optimizer/flex_optimizer/inputs/load_pv_simulated.csv,/Users/kim/Desktop/flex/flex-optimizer/flex_optimizer/inputs/load_pv_simulated.csv,/Users/kim/Desktop/flex/flex-optimizer/flex_optimizer/inputs/load_pv_simulated.csv,/Users/judethom/Documents/GitHub/flex/flex-optimizer/flex_optimizer/./client_inputs/load_pv_simulated.csv,/Users/kimthivu/Documents/trawa/flex/flex/flex-optimizer/flex_optimizer/inputs/load_pv_simulated.csv,/Users/kim/Desktop/flex/flex-optimizer/flex_optimizer/inputs/load_pv_simulated.csv,/Users/kim/Desktop/flex/flex-optimizer/flex_optimizer/inputs/load_pv_simulated.csv,/Users/kimthivu/Documents/trawa/flex/flex/flex-optimizer/flex_optimizer/inputs/load_pv_simulated.csv,/Users/kimthivu/Documents/trawa/flex/flex/flex-optimizer/flex_optimizer/inputs/load_pv_simulated.csv,/Users/judethom/Documents/GitHub/flex/flex-optimizer/flex_optimizer/./client_inputs/load_pv_simulated.csv,/Users/kimthivu/Documents/trawa/flex/flex/flex-optimizer/flex_optimizer/inputs/load_pv_simulated.csv,/Users/kim/Desktop/flex/flex-optimizer/flex_optimizer/inputs/load_pv_simulated.csv,/Users/kim/Desktop/flex/flex-optimizer/flex_optimizer/inputs/load_pv_simulated.csv,/Users/kimthivu/Documents/trawa/flex/flex/flex-optimizer/flex_optimizer/inputs/load_pv_simulated.csv,/Users/kimthivu/Documents/trawa/flex/flex/flex-optimizer/flex_optimizer/inputs/load_pv_simulated.csv,/Users/judethom/Documents/GitHub/flex/flex-optimizer/flex_optimizer/./client_inputs/load_pv_simulated.csv,/Users/kimthivu/Documents/trawa/flex/flex/flex-optimizer/flex_optimizer/inputs/load_pv_simulated.csv,/Users/kim/Desktop/flex/flex-optimizer/flex_optimizer/inputs/load_pv_simulated.csv,/Users/kim/Desktop/flex/flex-optimizer/flex_optimizer/inputs/load_pv_simulated.csv,/Users/kimthivu/Documents/trawa/flex/flex/flex-optimizer/flex_optimizer/inputs/load_pv_simulated.csv,/Users/kimthivu/Documents/trawa/flex/flex/flex-optimizer/flex_optimizer/inputs/load_pv_simulated.csv,/Users/judethom/Documents/GitHub/flex/flex-optimizer/flex_optimizer/./client_inputs/load_pv_simulated.csv,/Users/kimthivu/Documents/trawa/flex/flex/flex-optimizer/flex_optimizer/inputs/load_pv_simulated.csv,/Users/kim/Desktop/flex/flex-optimizer/flex_optimizer/inputs/load_pv_simulated.csv,/Users/kim/Desktop/flex/flex-optimizer/flex_optimizer/inputs/load_pv_simulated.csv,/Users/kimthivu/Documents/trawa/flex/flex/flex-optimizer/flex_optimizer/inputs/load_pv_simulated.csv,/Users/kimthivu/Documents/trawa/flex/flex/flex-optimizer/flex_optimizer/inputs/load_pv_simulated.csv,/Users/kim/Desktop/flex/flex-optimizer/flex_optimizer/inputs/load_pv_simulated.csv,/Users/kim/Desktop/flex/flex-optimizer/flex_optimizer/inputs/load_pv_simulated.csv,/Users/kim/Desktop/flex/flex-optimizer/flex_optimizer/inputs/load_pv_simulated.csv,/Users/kim/Desktop/flex/flex-optimizer/flex_optimizer/inputs/load_pv_simulated.csv,/Users/kim/Desktop/flex/flex-optimizer/flex_optimizer/inputs/load_pv_simulated.csv,/Users/kim/Desktop/flex/flex-optimizer/flex_optimizer/inputs/load_pv_simulated.csv,/Users/judethom/Documents/GitHub/flex/flex-optimizer/flex_optimizer/./client_inputs/load_pv_simulated.csv,/Users/kimthivu/Documents/trawa/flex/flex/flex-optimizer/flex_optimizer/inputs/load_pv_simulated.csv,/Users/kim/Desktop/flex/flex-optimizer/flex_optimizer/inputs/load_pv_simulated.csv,/Users/kim/Desktop/flex/flex-optimizer/flex_optimizer/inputs/load_pv_simulated.csv,/Users/kimthivu/Documents/trawa/flex/flex/flex-optimizer/flex_optimizer/inputs/load_pv_simulated.csv,/Users/kimthivu/Documents/trawa/flex/flex/flex-optimizer/flex_optimizer/inputs/load_pv_simulated.csv,/Users/judethom/Documents/GitHub/flex/flex-optimizer/flex_optimizer/./client_inputs/load_pv_simulated.csv,/Users/kimthivu/Documents/trawa/flex/flex/flex-optimizer/flex_optimizer/inputs/load_pv_simulated.csv,/Users/kim/Desktop/flex/flex-optimizer/flex_optimizer/inputs/load_pv_simulated.csv,/Users/kim/Desktop/flex/flex-optimizer/flex_optimizer/inputs/load_pv_simulated.csv,/Users/kimthivu/Documents/trawa/flex/flex/flex-optimizer/flex_optimizer/inputs/load_pv_simulated.csv,/Users/kimthivu/Documents/trawa/flex/flex/flex-optimizer/flex_optimizer/inputs/load_pv_simulated.csv,/Users/judethom/Documents/GitHub/flex/flex-optimizer/flex_optimizer/./client_inputs/load_pv_simulated.csv,/Users/kimthivu/Documents/trawa/flex/flex/flex-optimizer/flex_optimizer/inputs/load_pv_simulated.csv,/Users/kim/Desktop/flex/flex-optimizer/flex_optimizer/inputs/load_pv_simulated.csv,/Users/kim/Desktop/flex/flex-optimizer/flex_optimizer/inputs/load_pv_simulated.csv,/Users/kimthivu/Documents/trawa/flex/flex/flex-optimizer/flex_optimizer/inputs/load_pv_simulated.csv,/Users/kimthivu/Documents/trawa/flex/flex/flex-optimizer/flex_optimizer/inputs/load_pv_simulated.csv,/Users/judethom/Documents/GitHub/flex/flex-optimizer/flex_optimizer/./client_inputs/load_pv_simulated.csv,/Users/kimthivu/Documents/trawa/flex/flex/flex-optimizer/flex_optimizer/inputs/load_pv_simulated.csv,/Users/kim/Desktop/flex/flex-optimizer/flex_optimizer/inputs/load_pv_simulated.csv,/Users/kim/Desktop/flex/flex-optimizer/flex_optimizer/inputs/load_pv_simulated.csv,/Users/kimthivu/Documents/trawa/flex/flex/flex-optimizer/flex_optimizer/inputs/load_pv_simulated.csv,/Users/kimthivu/Documents/trawa/flex/flex/flex-optimizer/flex_optimizer/inputs/load_pv_simulated.csv,/Users/kim/Desktop/flex/flex-optimizer/flex_optimizer/inputs/load_pv_simulated.csv,/Users/kim/Desktop/flex/flex-optimizer/flex_optimizer/inputs/load_pv_simulated.csv,/Users/kim/Desktop/flex/flex-optimizer/flex_optimizer/inputs/load_pv_simulated.csv,/Users/kim/Desktop/flex/flex-optimizer/flex_optimizer/inputs/load_pv_simulated.csv,/Users/kim/Desktop/flex/flex-optimizer/flex_optimizer/inputs/load_pv_simulated.csv,/Users/kim/Desktop/flex/flex-optimizer/flex_optimizer/inputs/load_pv_simulated.csv,/Users/judethom/Documents/GitHub/flex/flex-optimizer/flex_optimizer/./client_inputs/load_pv_simulated.csv,/Users/kimthivu/Documents/trawa/flex/flex/flex-optimizer/flex_optimizer/inputs/load_pv_simulated.csv,/Users/kim/Desktop/flex/flex-optimizer/flex_optimizer/inputs/load_pv_simulated.csv,/Users/kim/Desktop/flex/flex-optimizer/flex_optimizer/inputs/load_pv_simulated.csv,/Users/kimthivu/Documents/trawa/flex/flex/flex-optimizer/flex_optimizer/inputs/load_pv_simulated.csv,/Users/kimthivu/Documents/trawa/flex/flex/flex-optimizer/flex_optimizer/inputs/load_pv_simulated.csv,/Users/judethom/Documents/GitHub/flex/flex-optimizer/flex_optimizer/./client_inputs/load_pv_simulated.csv,/Users/kimthivu/Documents/trawa/flex/flex/flex-optimizer/flex_optimizer/inputs/load_pv_simulated.csv,/Users/kim/Desktop/flex/flex-optimizer/flex_optimizer/inputs/load_pv_simulated.csv,/Users/kim/Desktop/flex/flex-optimizer/flex_optimizer/inputs/load_pv_simulated.csv,/Users/kimthivu/Documents/trawa/flex/flex/flex-optimizer/flex_optimizer/inputs/load_pv_simulated.csv,/Users/kimthivu/Documents/trawa/flex/flex/flex-optimizer/flex_optimizer/inputs/load_pv_simulated.csv,/Users/judethom/Documents/GitHub/flex/flex-optimizer/flex_optimizer/./client_inputs/load_pv_simulated.csv,/Users/kimthivu/Documents/trawa/flex/flex/flex-optimizer/flex_optimizer/inputs/load_pv_simulated.csv,/Users/kim/Desktop/flex/flex-optimizer/flex_optimizer/inputs/load_pv_simulated.csv,/Users/kim/Desktop/flex/flex-optimizer/flex_optimizer/inputs/load_pv_simulated.csv,/Users/kimthivu/Documents/trawa/flex/flex/flex-optimizer/flex_optimizer/inputs/load_pv_simulated.csv,/Users/kimthivu/Documents/trawa/flex/flex/flex-optimizer/flex_optimizer/inputs/load_pv_simulated.csv,/Users/judethom/Documents/GitHub/flex/flex-optimizer/flex_optimizer/./client_inputs/load_pv_simulated.csv,/Users/kimthivu/Documents/trawa/flex/flex/flex-optimizer/flex_optimizer/inputs/load_pv_simulated.csv,/Users/kim/Desktop/flex/flex-optimizer/flex_optimizer/inputs/load_pv_simulated.csv,/Users/kim/Desktop/flex/flex-optimizer/flex_optimizer/inputs/load_pv_simulated.csv,/Users/kimthivu/Documents/trawa/flex/flex/flex-optimizer/flex_optimizer/inputs/load_pv_simulated.csv,/Users/kimthivu/Documents/trawa/flex/flex/flex-optimizer/flex_optimizer/inputs/load_pv_simulated.csv
file_price_da,/Users/kim/Desktop/flex/flex-optimizer/trawa_inputs/load_price_da.csv,/Users/kim/Desktop/flex/flex-optimizer/trawa_inputs/load_price_da.csv,/Users/kim/Desktop/flex/flex-optimizer/trawa_inputs/load_price_da.csv,/Users/kim/Desktop/flex/flex-optimizer/trawa_inputs/load_price_da.csv,/Users/kim/Desktop/flex/flex-optimizer/trawa_inputs/load_price_da.csv,/Users/kim/Desktop/flex/flex-optimizer/trawa_inputs/load_price_da.csv,/Users/judethom/Documents/GitHub/flex/flex-optimizer/flex_optimizer/../trawa_inputs/load_price_da.csv,/Users/kimthivu/Documents/trawa/flex/flex/flex-optimizer/trawa_inputs/load_price_da.csv,/Users/kim/Desktop/flex/flex-optimizer/trawa_inputs/load_price_da.csv,/Users/kim/Desktop/flex/flex-optimizer/trawa_inputs/load_price_da.csv,/Users/kimthivu/Documents/trawa/flex/flex/flex-optimizer/trawa_inputs/load_price_da.csv,/Users/kimthivu/Documents/trawa/flex/flex/flex-optimizer/trawa_inputs/load_price_da.csv,/Users/judethom/Documents/GitHub/flex/flex-optimizer/flex_optimizer/../trawa_inputs/load_price_da.csv,/Users/kimthivu/Documents/trawa/flex/flex/flex-optimizer/trawa_inputs/load_price_da.csv,/Users/kim/Desktop/flex/flex-optimizer/trawa_inputs/load_price_da.csv,/Users/kim/Desktop/flex/flex-optimizer/trawa_inputs/load_price_da.csv,/Users/kimthivu/Documents/trawa/flex/flex/flex-optimizer/trawa_inputs/load_price_da.csv,/Users/kimthivu/Documents/trawa/flex/flex/flex-optimizer/trawa_inputs/load_price_da.csv,/Users/judethom/Documents/GitHub/flex/flex-optimizer/flex_optimizer/../trawa_inputs/load_price_da.csv,/Users/kimthivu/Documents/trawa/flex/flex/flex-optimizer/trawa_inputs/load_price_da.csv,/Users/kim/Desktop/flex/flex-optimizer/trawa_inputs/load_price_da.csv,/Users/kim/Desktop/flex/flex-optimizer/trawa_inputs/load_price_da.csv,/Users/kimthivu/Documents/trawa/flex/flex/flex-optimizer/trawa_inputs/load_price_da.csv,/Users/kimthivu/Documents/trawa/flex/flex/flex-optimizer/trawa_inputs/load_price_da.csv,/Users/judethom/Documents/GitHub/flex/flex-optimizer/flex_optimizer/../trawa_inputs/load_price_da.csv,/Users/kimthivu/Documents/trawa/flex/flex/flex-optimizer/trawa_inputs/load_price_da.csv,/Users/kim/Desktop/flex/flex-optimizer/trawa_inputs/load_price_da.csv,/Users/kim/Desktop/flex/flex-optimizer/trawa_inputs/load_price_da.csv,/Users/kimthivu/Documents/trawa/flex/flex/flex-optimizer/trawa_inputs/load_price_da.csv,/Users/kimthivu/Documents/trawa/flex/flex/flex-optimizer/trawa_inputs/load_price_da.csv,/Users/kim/Desktop/flex/flex-optimizer/trawa_inputs/load_price_da.csv,/Users/kim/Desktop/flex/flex-optimizer/trawa_inputs/load_price_da.csv,/Users/kim/Desktop/flex/flex-optimizer/trawa_inputs/load_price_da.csv,/Users/kim/Desktop/flex/flex-optimizer/trawa_inputs/load_price_da.csv,/Users/kim/Desktop/flex/flex-optimizer/trawa_inputs/load_price_da.csv,/Users/kim/Desktop/flex/flex-optimizer/trawa_inputs/load_price_da.csv,/Users/judethom/Documents/GitHub/flex/flex-optimizer/flex_optimizer/../trawa_inputs/load_price_da.csv,/Users/kimthivu/Documents/trawa/flex/flex/flex-optimizer/trawa_inputs/load_price_da.csv,/Users/kim/Desktop/flex/flex-optimizer/trawa_inputs/load_price_da.csv,/Users/kim/Desktop/flex/flex-optimizer/trawa_inputs/load_price_da.csv,/Users/kimthivu/Documents/trawa/flex/flex/flex-optimizer/trawa_inputs/load_price_da.csv,/Users/kimthivu/Documents/trawa/flex/flex/flex-optimizer/trawa_inputs/load_price_da.csv,/Users/judethom/Documents/GitHub/flex/flex-optimizer/flex_optimizer/../trawa_inputs/load_price_da.csv,/Users/kimthivu/Documents/trawa/flex/flex/flex-optimizer/trawa_inputs/load_price_da.csv,/Users/kim/Desktop/flex/flex-optimizer/trawa_inputs/load_price_da.csv,/Users/kim/Desktop/flex/flex-optimizer/trawa_inputs/load_price_da.csv,/Users/kimthivu/Documents/trawa/flex/flex/flex-optimizer/trawa_inputs/load_price_da.csv,/Users/kimthivu/Documents/trawa/flex/flex/flex-optimizer/trawa_inputs/load_price_da.csv,/Users/judethom/Documents/GitHub/flex/flex-optimizer/flex_optimizer/../trawa_inputs/load_price_da.csv,/Users/kimthivu/Documents/trawa/flex/flex/flex-optimizer/trawa_inputs/load_price_da.csv,/Users/kim/Desktop/flex/flex-optimizer/trawa_inputs/load_price_da.csv,/Users/kim/Desktop/flex/flex-optimizer/trawa_inputs/load_price_da.csv,/Users/kimthivu/Documents/trawa/flex/flex/flex-optimizer/trawa_inputs/load_price_da.csv,/Users/kimthivu/Documents/trawa/flex/flex/flex-optimizer/trawa_inputs/load_price_da.csv,/Users/judethom/Documents/GitHub/flex/flex-optimizer/flex_optimizer/../trawa_inputs/load_price_da.csv,/Users/kimthivu/Documents/trawa/flex/flex/flex-optimizer/trawa_inputs/load_price_da.csv,/Users/kim/Desktop/flex/flex-optimizer/trawa_inputs/load_price_da.csv,/Users/kim/Desktop/flex/flex-optimizer/trawa_inputs/load_price_da.csv,/Users/kimthivu/Documents/trawa/flex/flex/flex-optimizer/trawa_inputs/load_price_da.csv,/Users/kimthivu/Documents/trawa/flex/flex/flex-optimizer/trawa_inputs/load_price_da.csv,/Users/kim/Desktop/flex/flex-optimizer/trawa_inputs/load_price_da.csv,/Users/kim/Desktop/flex/flex-optimizer/trawa_inputs/load_price_da.csv,/Users/kim/Desktop/flex/flex-optimizer/trawa_inputs/load_price_da.csv,/Users/kim/Desktop/flex/flex-optimizer/trawa_inputs/load_price_da.csv,/Users/kim/Desktop/flex/flex-optimizer/trawa_inputs/load_price_da.csv,/Users/kim/Desktop/flex/flex-optimizer/trawa_inputs/load_price_da.csv,/Users/judethom/Documents/GitHub/flex/flex-optimizer/flex_optimizer/../trawa_inputs/load_price_da.csv,/Users/kimthivu/Documents/trawa/flex/flex/flex-optimizer/trawa_inputs/load_price_da.csv,/Users/kim/Desktop/flex/flex-optimizer/trawa_inputs/load_price_da.csv,/Users/kim/Desktop/flex/flex-optimizer/trawa_inputs/load_price_da.csv,/Users/kimthivu/Documents/trawa/flex/flex/flex-optimizer/trawa_inputs/load_price_da.csv,/Users/kimthivu/Documents/trawa/flex/flex/flex-optimizer/trawa_inputs/load_price_da.csv,/Users/judethom/Documents/GitHub/flex/flex-optimizer/flex_optimizer/../trawa_inputs/load_price_da.csv,/Users/kimthivu/Documents/trawa/flex/flex/flex-optimizer/trawa_inputs/load_price_da.csv,/Users/kim/Desktop/flex/flex-optimizer/trawa_inputs/load_price_da.csv,/Users/kim/Desktop/flex/flex-optimizer/trawa_inputs/load_price_da.csv,/Users/kimthivu/Documents/trawa/flex/flex/flex-optimizer/trawa_inputs/load_price_da.csv,/Users/kimthivu/Documents/trawa/flex/flex/flex-optimizer/trawa_inputs/load_price_da.csv,/Users/judethom/Documents/GitHub/flex/flex-optimizer/flex_optimizer/../trawa_inputs/load_price_da.csv,/Users/kimthivu/Documents/trawa/flex/flex/flex-optimizer/trawa_inputs/load_price_da.csv,/Users/kim/Desktop/flex/flex-optimizer/trawa_inputs/load_price_da.csv,/Users/kim/Desktop/flex/flex-optimizer/trawa_inputs/load_price_da.csv,/Users/kimthivu/Documents/trawa/flex/flex/flex-optimizer/trawa_inputs/load_price_da.csv,/Users/kimthivu/Documents/trawa/flex/flex/flex-optimizer/trawa_inputs/load_price_da.csv,/Users/judethom/Documents/GitHub/flex/flex-optimizer/flex_optimizer/../trawa_inputs/load_price_da.csv,/Users/kimthivu/Documents/trawa/flex/flex/flex-optimizer/trawa_inputs/load_price_da.csv,/Users/kim/Desktop/flex/flex-optimizer/trawa_inputs/load_price_da.csv,/Users/kim/Desktop/flex/flex-optimizer/trawa_inputs/load_price_da.csv,/Users/kimthivu/Documents/trawa/flex/flex/flex-optimizer/trawa_inputs/load_price_da.csv,/Users/kimthivu/Documents/trawa/flex/flex/flex-optimizer/trawa_inputs/load_price_da.csv
file_price_ia,/Users/kim/Desktop/flex/flex-optimizer/trawa_inputs/load_price_ia.csv,/Users/kim/Desktop/flex/flex-optimizer/trawa_inputs/load_price_ia.csv,/Users/kim/Desktop/flex/flex-optimizer/trawa_inputs/load_price_ia.csv,/Users/kim/Desktop/flex/flex-optimizer/trawa_inputs/load_price_ia.csv,/Users/kim/Desktop/flex/flex-optimizer/trawa_inputs/load_price_ia.csv,/Users/kim/Desktop/flex/flex-optimizer/trawa_inputs/load_price_ia.csv,/Users/judethom/Documents/GitHub/flex/flex-optimizer/flex_optimizer/../trawa_inputs/load_price_ia.csv,/Users/kimthivu/Documents/trawa/flex/flex/flex-optimizer/trawa_inputs/load_price_ia.csv,/Users/kim/Desktop/flex/flex-optimizer/trawa_inputs/load_price_ia.csv,/Users/kim/Desktop/flex/flex-optimizer/trawa_inputs/load_price_ia.csv,/Users/kimthivu/Documents/trawa/flex/flex/flex-optimizer/trawa_inputs/load_price_ia.csv,/Users/kimthivu/Documents/trawa/flex/flex/flex-optimizer/trawa_inputs/load_price_ia.csv,/Users/judethom/Documents/GitHub/flex/flex-optimizer/flex_optimizer/../trawa_inputs/load_price_ia.csv,/Users/kimthivu/Documents/trawa/flex/flex/flex-optimizer/trawa_inputs/load_price_ia.csv,/Users/kim/Desktop/flex/flex-optimizer/trawa_inputs/load_price_ia.csv,/Users/kim/Desktop/flex/flex-optimizer/trawa_inputs/load_price_ia.csv,/Users/kimthivu/Documents/trawa/flex/flex/flex-optimizer/trawa_inputs/load_price_ia.csv,/Users/kimthivu/Documents/trawa/flex/flex/flex-optimizer/trawa_inputs/load_price_ia.csv,/Users/judethom/Documents/GitHub/flex/flex-optimizer/flex_optimizer/../trawa_inputs/load_price_ia.csv,/Users/kimthivu/Documents/trawa/flex/flex/flex-optimizer/trawa_inputs/load_price_ia.csv,/Users/kim/Desktop/flex/flex-optimizer/trawa_inputs/load_price_ia.csv,/Users/kim/Desktop/flex/flex-optimizer/trawa_inputs/load_price_ia.csv,/Users/kimthivu/Documents/trawa/flex/flex/flex-optimizer/trawa_inputs/load_price_ia.csv,/Users/kimthivu/Documents/trawa/flex/flex/flex-optimizer/trawa_inputs/load_price_ia.csv,/Users/judethom/Documents/GitHub/flex/flex-optimizer/flex_optimizer/../trawa_inputs/load_price_ia.csv,/Users/kimthivu/Documents/trawa/flex/flex/flex-optimizer/trawa_inputs/load_price_ia.csv,/Users/kim/Desktop/flex/flex-optimizer/trawa_inputs/load_price_ia.csv,/Users/kim/Desktop/flex/flex-optimizer/trawa_inputs/load_price_ia.csv,/Users/kimthivu/Documents/trawa/flex/flex/flex-optimizer/trawa_inputs/load_price_ia.csv,/Users/kimthivu/Documents/trawa/flex/flex/flex-optimizer/trawa_inputs/load_price_ia.csv,/Users/kim/Desktop/flex/flex-optimizer/trawa_inputs/load_price_ia.csv,/Users/kim/Desktop/flex/flex-optimizer/trawa_inputs/load_price_ia.csv,/Users/kim/Desktop/flex/flex-optimizer/trawa_inputs/load_price_ia.csv,/Users/kim/Desktop/flex/flex-optimizer/trawa_inputs/load_price_ia.csv,/Users/kim/Desktop/flex/flex-optimizer/trawa_inputs/load_price_ia.csv,/Users/kim/Desktop/flex/flex-optimizer/trawa_inputs/load_price_ia.csv,/Users/judethom/Documents/GitHub/flex/flex-optimizer/flex_optimizer/../trawa_inputs/load_price_ia.csv,/Users/kimthivu/Documents/trawa/flex/flex/flex-optimizer/trawa_inputs/load_price_ia.csv,/Users/kim/Desktop/flex/flex-optimizer/trawa_inputs/load_price_ia.csv,/Users/kim/Desktop/flex/flex-optimizer/trawa_inputs/load_price_ia.csv,/Users/kimthivu/Documents/trawa/flex/flex/flex-optimizer/trawa_inputs/load_price_ia.csv,/Users/kimthivu/Documents/trawa/flex/flex/flex-optimizer/trawa_inputs/load_price_ia.csv,/Users/judethom/Documents/GitHub/flex/flex-optimizer/flex_optimizer/../trawa_inputs/load_price_ia.csv,/Users/kimthivu/Documents/trawa/flex/flex/flex-optimizer/trawa_inputs/load_price_ia.csv,/Users/kim/Desktop/flex/flex-optimizer/trawa_inputs/load_price_ia.csv,/Users/kim/Desktop/flex/flex-optimizer/trawa_inputs/load_price_ia.csv,/Users/kimthivu/Documents/trawa/flex/flex/flex-optimizer/trawa_inputs/load_price_ia.csv,/Users/kimthivu/Documents/trawa/flex/flex/flex-optimizer/trawa_inputs/load_price_ia.csv,/Users/judethom/Documents/GitHub/flex/flex-optimizer/flex_optimizer/../trawa_inputs/load_price_ia.csv,/Users/kimthivu/Documents/trawa/flex/flex/flex-optimizer/trawa_inputs/load_price_ia.csv,/Users/kim/Desktop/flex/flex-optimizer/trawa_inputs/load_price_ia.csv,/Users/kim/Desktop/flex/flex-optimizer/trawa_inputs/load_price_ia.csv,/Users/kimthivu/Documents/trawa/flex/flex/flex-optimizer/trawa_inputs/load_price_ia.csv,/Users/kimthivu/Documents/trawa/flex/flex/flex-optimizer/trawa_inputs/load_price_ia.csv,/Users/judethom/Documents/GitHub/flex/flex-optimizer/flex_optimizer/../trawa_inputs/load_price_ia.csv,/Users/kimthivu/Documents/trawa/flex/flex/flex-optimizer/trawa_inputs/load_price_ia.csv,/Users/kim/Desktop/flex/flex-optimizer/trawa_inputs/load_price_ia.csv,/Users/kim/Desktop/flex/flex-optimizer/trawa_inputs/load_price_ia.csv,/Users/kimthivu/Documents/trawa/flex/flex/flex-optimizer/trawa_inputs/load_price_ia.csv,/Users/kimthivu/Documents/trawa/flex/flex/flex-optimizer/trawa_inputs/load_price_ia.csv,/Users/kim/Desktop/flex/flex-optimizer/trawa_inputs/load_price_ia.csv,/Users/kim/Desktop/flex/flex-optimizer/trawa_inputs/load_price_ia.csv,/Users/kim/Desktop/flex/flex-optimizer/trawa_inputs/load_price_ia.csv,/Users/kim/Desktop/flex/flex-optimizer/trawa_inputs/load_price_ia.csv,/Users/kim/Desktop/flex/flex-optimizer/trawa_inputs/load_price_ia.csv,/Users/kim/Desktop/flex/flex-optimizer/trawa_inputs/load_price_ia.csv,/Users/judethom/Documents/GitHub/flex/flex-optimizer/flex_optimizer/../trawa_inputs/load_price_ia.csv,/Users/kimthivu/Documents/trawa/flex/flex/flex-optimizer/trawa_inputs/load_price_ia.csv,/Users/kim/Desktop/flex/flex-optimizer/trawa_inputs/load_price_ia.csv,/Users/kim/Desktop/flex/flex-optimizer/trawa_inputs/load_price_ia.csv,/Users/kimthivu/Documents/trawa/flex/flex/flex-optimizer/trawa_inputs/load_price_ia.csv,/Users/kimthivu/Documents/trawa/flex/flex/flex-optimizer/trawa_inputs/load_price_ia.csv,/Users/judethom/Documents/GitHub/flex/flex-optimizer/flex_optimizer/../trawa_inputs/load_price_ia.csv,/Users/kimthivu/Documents/trawa/flex/flex/flex-optimizer/trawa_inputs/load_price_ia.csv,/Users/kim/Desktop/flex/flex-optimizer/trawa_inputs/load_price_ia.csv,/Users/kim/Desktop/flex/flex-optimizer/trawa_inputs/load_price_ia.csv,/Users/kimthivu/Documents/trawa/flex/flex/flex-optimizer/trawa_inputs/load_price_ia.csv,/Users/kimthivu/Documents/trawa/flex/flex/flex-optimizer/trawa_inputs/load_price_ia.csv,/Users/judethom/Documents/GitHub/flex/flex-optimizer/flex_optimizer/../trawa_inputs/load_price_ia.csv,/Users/kimthivu/Documents/trawa/flex/flex/flex-optimizer/trawa_inputs/load_price_ia.csv,/Users/kim/Desktop/flex/flex-optimizer/trawa_inputs/load_price_ia.csv,/Users/kim/Desktop/flex/flex-optimizer/trawa_inputs/load_price_ia.csv,/Users/kimthivu/Documents/trawa/flex/flex/flex-optimizer/trawa_inputs/load_price_ia.csv,/Users/kimthivu/Documents/trawa/flex/flex/flex-optimizer/trawa_inputs/load_price_ia.csv,/Users/judethom/Documents/GitHub/flex/flex-optimizer/flex_optimizer/../trawa_inputs/load_price_ia.csv,/Users/kimthivu/Documents/trawa/flex/flex/flex-optimizer/trawa_inputs/load_price_ia.csv,/Users/kim/Desktop/flex/flex-optimizer/trawa_inputs/load_price_ia.csv,/Users/kim/Desktop/flex/flex-optimizer/trawa_inputs/load_price_ia.csv,/Users/kimthivu/Documents/trawa/flex/flex/flex-optimizer/trawa_inputs/load_price_ia.csv,/Users/kimthivu/Documents/trawa/flex/flex/flex-optimizer/trawa_inputs/load_price_ia.csv
file_price_ic,/Users/kim/Desktop/flex/flex-optimizer/trawa_inputs/load_price_ic.csv,/Users/kim/Desktop/flex/flex-optimizer/trawa_inputs/load_price_ic.csv,/Users/kim/Desktop/flex/flex-optimizer/trawa_inputs/load_price_ic.csv,/Users/kim/Desktop/flex/flex-optimizer/trawa_inputs/load_price_ic.csv,/Users/kim/Desktop/flex/flex-optimizer/trawa_inputs/load_price_ic.csv,/Users/kim/Desktop/flex/flex-optimizer/trawa_inputs/load_price_ic.csv,/Users/judethom/Documents/GitHub/flex/flex-optimizer/flex_optimizer/../trawa_inputs/load_price_ic.csv,/Users/kimthivu/Documents/trawa/flex/flex/flex-optimizer/trawa_inputs/load_price_ic.csv,/Users/kim/Desktop/flex/flex-optimizer/trawa_inputs/load_price_ic.csv,/Users/kim/Desktop/flex/flex-optimizer/trawa_inputs/load_price_ic.csv,/Users/kimthivu/Documents/trawa/flex/flex/flex-optimizer/trawa_inputs/load_price_ic.csv,/Users/kimthivu/Documents/trawa/flex/flex/flex-optimizer/trawa_inputs/load_price_ic.csv,/Users/judethom/Documents/GitHub/flex/flex-optimizer/flex_optimizer/../trawa_inputs/load_price_ic.csv,/Users/kimthivu/Documents/trawa/flex/flex/flex-optimizer/trawa_inputs/load_price_ic.csv,/Users/kim/Desktop/flex/flex-optimizer/trawa_inputs/load_price_ic.csv,/Users/kim/Desktop/flex/flex-optimizer/trawa_inputs/load_price_ic.csv,/Users/kimthivu/Documents/trawa/flex/flex/flex-optimizer/trawa_inputs/load_price_ic.csv,/Users/kimthivu/Documents/trawa/flex/flex/flex-optimizer/trawa_inputs/load_price_ic.csv,/Users/judethom/Documents/GitHub/flex/flex-optimizer/flex_optimizer/../trawa_inputs/load_price_ic.csv,/Users/kimthivu/Documents/trawa/flex/flex/flex-optimizer/trawa_inputs/load_price_ic.csv,/Users/kim/Desktop/flex/flex-optimizer/trawa_inputs/load_price_ic.csv,/Users/kim/Desktop/flex/flex-optimizer/trawa_inputs/load_price_ic.csv,/Users/kimthivu/Documents/trawa/flex/flex/flex-optimizer/trawa_inputs/load_price_ic.csv,/Users/kimthivu/Documents/trawa/flex/flex/flex-optimizer/trawa_inputs/load_price_ic.csv,/Users/judethom/Documents/GitHub/flex/flex-optimizer/flex_optimizer/../trawa_inputs/load_price_ic.csv,/Users/kimthivu/Documents/trawa/flex/flex/flex-optimizer/trawa_inputs/load_price_ic.csv,/Users/kim/Desktop/flex/flex-optimizer/trawa_inputs/load_price_ic.csv,/Users/kim/Desktop/flex/flex-optimizer/trawa_inputs/load_price_ic.csv,/Users/kimthivu/Documents/trawa/flex/flex/flex-optimizer/trawa_inputs/load_price_ic.csv,/Users/kimthivu/Documents/trawa/flex/flex/flex-optimizer/trawa_inputs/load_price_ic.csv,/Users/kim/Desktop/flex/flex-optimizer/trawa_inputs/load_price_ic.csv,/Users/kim/Desktop/flex/flex-optimizer/trawa_inputs/load_price_ic.csv,/Users/kim/Desktop/flex/flex-optimizer/trawa_inputs/load_price_ic.csv,/Users/kim/Desktop/flex/flex-optimizer/trawa_inputs/load_price_ic.csv,/Users/kim/Desktop/flex/flex-optimizer/trawa_inputs/load_price_ic.csv,/Users/kim/Desktop/flex/flex-optimizer/trawa_inputs/load_price_ic.csv,/Users/judethom/Documents/GitHub/flex/flex-optimizer/flex_optimizer/../trawa_inputs/load_price_ic.csv,/Users/kimthivu/Documents/trawa/flex/flex/flex-optimizer/trawa_inputs/load_price_ic.csv,/Users/kim/Desktop/flex/flex-optimizer/trawa_inputs/load_price_ic.csv,/Users/kim/Desktop/flex/flex-optimizer/trawa_inputs/load_price_ic.csv,/Users/kimthivu/Documents/trawa/flex/flex/flex-optimizer/trawa_inputs/load_price_ic.csv,/Users/kimthivu/Documents/trawa/flex/flex/flex-optimizer/trawa_inputs/load_price_ic.csv,/Users/judethom/Documents/GitHub/flex/flex-optimizer/flex_optimizer/../trawa_inputs/load_price_ic.csv,/Users/kimthivu/Documents/trawa/flex/flex/flex-optimizer/trawa_inputs/load_price_ic.csv,/Users/kim/Desktop/flex/flex-optimizer/trawa_inputs/load_price_ic.csv,/Users/kim/Desktop/flex/flex-optimizer/trawa_inputs/load_price_ic.csv,/Users/kimthivu/Documents/trawa/flex/flex/flex-optimizer/trawa_inputs/load_price_ic.csv,/Users/kimthivu/Documents/trawa/flex/flex/flex-optimizer/trawa_inputs/load_price_ic.csv,/Users/judethom/Documents/GitHub/flex/flex-optimizer/flex_optimizer/../trawa_inputs/load_price_ic.csv,/Users/kimthivu/Documents/trawa/flex/flex/flex-optimizer/trawa_inputs/load_price_ic.csv,/Users/kim/Desktop/flex/flex-optimizer/trawa_inputs/load_price_ic.csv,/Users/kim/Desktop/flex/flex-optimizer/trawa_inputs/load_price_ic.csv,/Users/kimthivu/Documents/trawa/flex/flex/flex-optimizer/trawa_inputs/load_price_ic.csv,/Users/kimthivu/Documents/trawa/flex/flex/flex-optimizer/trawa_inputs/load_price_ic.csv,/Users/judethom/Documents/GitHub/flex/flex-optimizer/flex_optimizer/../trawa_inputs/load_price_ic.csv,/Users/kimthivu/Documents/trawa/flex/flex/flex-optimizer/trawa_inputs/load_price_ic.csv,/Users/kim/Desktop/flex/flex-optimizer/trawa_inputs/load_price_ic.csv,/Users/kim/Desktop/flex/flex-optimizer/trawa_inputs/load_price_ic.csv,/Users/kimthivu/Documents/trawa/flex/flex/flex-optimizer/trawa_inputs/load_price_ic.csv,/Users/kimthivu/Documents/trawa/flex/flex/flex-optimizer/trawa_inputs/load_price_ic.csv,/Users/kim/Desktop/flex/flex-optimizer/trawa_inputs/load_price_ic.csv,/Users/kim/Desktop/flex/flex-optimizer/trawa_inputs/load_price_ic.csv,/Users/kim/Desktop/flex/flex-optimizer/trawa_inputs/load_price_ic.csv,/Users/kim/Desktop/flex/flex-optimizer/trawa_inputs/load_price_ic.csv,/Users/kim/Desktop/flex/flex-optimizer/trawa_inputs/load_price_ic.csv,/Users/kim/Desktop/flex/flex-optimizer/trawa_inputs/load_price_ic.csv,/Users/judethom/Documents/GitHub/flex/flex-optimizer/flex_optimizer/../trawa_inputs/load_price_ic.csv,/Users/kimthivu/Documents/trawa/flex/flex/flex-optimizer/trawa_inputs/load_price_ic.csv,/Users/kim/Desktop/flex/flex-optimizer/trawa_inputs/load_price_ic.csv,/Users/kim/Desktop/flex/flex-optimizer/trawa_inputs/load_price_ic.csv,/Users/kimthivu/Documents/trawa/flex/flex/flex-optimizer/trawa_inputs/load_price_ic.csv,/Users/kimthivu/Documents/trawa/flex/flex/flex-optimizer/trawa_inputs/load_price_ic.csv,/Users/judethom/Documents/GitHub/flex/flex-optimizer/flex_optimizer/../trawa_inputs/load_price_ic.csv,/Users/kimthivu/Documents/trawa/flex/flex/flex-optimizer/trawa_inputs/load_price_ic.csv,/Users/kim/Desktop/flex/flex-optimizer/trawa_inputs/load_price_ic.csv,/Users/kim/Desktop/flex/flex-optimizer/trawa_inputs/load_price_ic.csv,/Users/kimthivu/Documents/trawa/flex/flex/flex-optimizer/trawa_inputs/load_price_ic.csv,/Users/kimthivu/Documents/trawa/flex/flex/flex-optimizer/trawa_inputs/load_price_ic.csv,/Users/judethom/Documents/GitHub/flex/flex-optimizer/flex_optimizer/../trawa_inputs/load_price_ic.csv,/Users/kimthivu/Documents/trawa/flex/flex/flex-optimizer/trawa_inputs/load_price_ic.csv,/Users/kim/Desktop/flex/flex-optimizer/trawa_inputs/load_price_ic.csv,/Users/kim/Desktop/flex/flex-optimizer/trawa_inputs/load_price_ic.csv,/Users/kimthivu/Documents/trawa/flex/flex/flex-optimizer/trawa_inputs/load_price_ic.csv,/Users/kimthivu/Documents/trawa/flex/flex/flex-optimizer/trawa_inputs/load_price_ic.csv,/Users/judethom/Documents/GitHub/flex/flex-optimizer/flex_optimizer/../trawa_inputs/load_price_ic.csv,/Users/kimthivu/Documents/trawa/flex/flex/flex-optimizer/trawa_inputs/load_price_ic.csv,/Users/kim/Desktop/flex/flex-optimizer/trawa_inputs/load_price_ic.csv,/Users/kim/Desktop/flex/flex-optimizer/trawa_inputs/load_price_ic.csv,/Users/kimthivu/Documents/trawa/flex/flex/flex-optimizer/trawa_inputs/load_price_ic.csv,/Users/kimthivu/Documents/trawa/flex/flex/flex-optimizer/trawa_inputs/load_price_ic.csv
file_price_gas_da,/Users/kim/Desktop/flex/flex-optimizer/trawa_inputs/load_price_gas_da.csv,/Users/kim/Desktop/flex/flex-optimizer/trawa_inputs/load_price_gas_da.csv,/Users/kim/Desktop/flex/flex-optimizer/trawa_inputs/load_price_gas_da.csv,/Users/kim/Desktop/flex/flex-optimizer/trawa_inputs/load_price_gas_da.csv,/Users/kim/Desktop/flex/flex-optimizer/trawa_inputs/load_price_gas_da.csv,/Users/kim/Desktop/flex/flex-optimizer/trawa_inputs/load_price_gas_da.csv,/Users/judethom/Documents/GitHub/flex/flex-optimizer/flex_optimizer/../trawa_inputs/load_price_gas_da.csv,/Users/kimthivu/Documents/trawa/flex/flex/flex-optimizer/trawa_inputs/load_price_gas_da.csv,/Users/kim/Desktop/flex/flex-optimizer/trawa_inputs/load_price_gas_da.csv,/Users/kim/Desktop/flex/flex-optimizer/trawa_inputs/load_price_gas_da.csv,/Users/kimthivu/Documents/trawa/flex/flex/flex-optimizer/trawa_inputs/load_price_gas_da.csv,/Users/kimthivu/Documents/trawa/flex/flex/flex-optimizer/trawa_inputs/load_price_gas_da.csv,/Users/judethom/Documents/GitHub/flex/flex-optimizer/flex_optimizer/../trawa_inputs/load_price_gas_da.csv,/Users/kimthivu/Documents/trawa/flex/flex/flex-optimizer/trawa_inputs/load_price_gas_da.csv,/Users/kim/Desktop/flex/flex-optimizer/trawa_inputs/load_price_gas_da.csv,/Users/kim/Desktop/flex/flex-optimizer/trawa_inputs/load_price_gas_da.csv,/Users/kimthivu/Documents/trawa/flex/flex/flex-optimizer/trawa_inputs/load_price_gas_da.csv,/Users/kimthivu/Documents/trawa/flex/flex/flex-optimizer/trawa_inputs/load_price_gas_da.csv,/Users/judethom/Documents/GitHub/flex/flex-optimizer/flex_optimizer/../trawa_inputs/load_price_gas_da.csv,/Users/kimthivu/Documents/trawa/flex/flex/flex-optimizer/trawa_inputs/load_price_gas_da.csv,/Users/kim/Desktop/flex/flex-optimizer/trawa_inputs/load_price_gas_da.csv,/Users/kim/Desktop/flex/flex-optimizer/trawa_inputs/load_price_gas_da.csv,/Users/kimthivu/Documents/trawa/flex/flex/flex-optimizer/trawa_inputs/load_price_gas_da.csv,/Users/kimthivu/Documents/trawa/flex/flex/flex-optimizer/trawa_inputs/load_price_gas_da.csv,/Users/judethom/Documents/GitHub/flex/flex-optimizer/flex_optimizer/../trawa_inputs/load_price_gas_da.csv,/Users/kimthivu/Documents/trawa/flex/flex/flex-optimizer/trawa_inputs/load_price_gas_da.csv,/Users/kim/Desktop/flex/flex-optimizer/trawa_inputs/load_price_gas_da.csv,/Users/kim/Desktop/flex/flex-optimizer/trawa_inputs/load_price_gas_da.csv,/Users/kimthivu/Documents/trawa/flex/flex/flex-optimizer/trawa_inputs/load_price_gas_da.csv,/Users/kimthivu/Documents/trawa/flex/flex/flex-optimizer/trawa_inputs/load_price_gas_da.csv,/Users/kim/Desktop/flex/flex-optimizer/trawa_inputs/load_price_gas_da.csv,/Users/kim/Desktop/flex/flex-optimizer/trawa_inputs/load_price_gas_da.csv,/Users/kim/Desktop/flex/flex-optimizer/trawa_inputs/load_price_gas_da.csv,/Users/kim/Desktop/flex/flex-optimizer/trawa_inputs/load_price_gas_da.csv,/Users/kim/Desktop/flex/flex-optimizer/trawa_inputs/load_price_gas_da.csv,/Users/kim/Desktop/flex/flex-optimizer/trawa_inputs/load_price_gas_da.csv,/Users/judethom/Documents/GitHub/flex/flex-optimizer/flex_optimizer/../trawa_inputs/load_price_gas_da.csv,/Users/kimthivu/Documents/trawa/flex/flex/flex-optimizer/trawa_inputs/load_price_gas_da.csv,/Users/kim/Desktop/flex/flex-optimizer/trawa_inputs/load_price_gas_da.csv,/Users/kim/Desktop/flex/flex-optimizer/trawa_inputs/load_price_gas_da.csv,/Users/kimthivu/Documents/trawa/flex/flex/flex-optimizer/trawa_inputs/load_price_gas_da.csv,/Users/kimthivu/Documents/trawa/flex/flex/flex-optimizer/trawa_inputs/load_price_gas_da.csv,/Users/judethom/Documents/GitHub/flex/flex-optimizer/flex_optimizer/../trawa_inputs/load_price_gas_da.csv,/Users/kimthivu/Documents/trawa/flex/flex/flex-optimizer/trawa_inputs/load_price_gas_da.csv,/Users/kim/Desktop/flex/flex-optimizer/trawa_inputs/load_price_gas_da.csv,/Users/kim/Desktop/flex/flex-optimizer/trawa_inputs/load_price_gas_da.csv,/Users/kimthivu/Documents/trawa/flex/flex/flex-optimizer/trawa_inputs/load_price_gas_da.csv,/Users/kimthivu/Documents/trawa/flex/flex/flex-optimizer/trawa_inputs/load_price_gas_da.csv,/Users/judethom/Documents/GitHub/flex/flex-optimizer/flex_optimizer/../trawa_inputs/load_price_gas_da.csv,/Users/kimthivu/Documents/trawa/flex/flex/flex-optimizer/trawa_inputs/load_price_gas_da.csv,/Users/kim/Desktop/flex/flex-optimizer/trawa_inputs/load_price_gas_da.csv,/Users/kim/Desktop/flex/flex-optimizer/trawa_inputs/load_price_gas_da.csv,/Users/kimthivu/Documents/trawa/flex/flex/flex-optimizer/trawa_inputs/load_price_gas_da.csv,/Users/kimthivu/Documents/trawa/flex/flex/flex-optimizer/trawa_inputs/load_price_gas_da.csv,/Users/judethom/Documents/GitHub/flex/flex-optimizer/flex_optimizer/../trawa_inputs/load_price_gas_da.csv,/Users/kimthivu/Documents/trawa/flex/flex/flex-optimizer/trawa_inputs/load_price_gas_da.csv,/Users/kim/Desktop/flex/flex-optimizer/trawa_inputs/load_price_gas_da.csv,/Users/kim/Desktop/flex/flex-optimizer/trawa_inputs/load_price_gas_da.csv,/Users/kimthivu/Documents/trawa/flex/flex/flex-optimizer/trawa_inputs/load_price_gas_da.csv,/Users/kimthivu/Documents/trawa/flex/flex/flex-optimizer/trawa_inputs/load_price_gas_da.csv,/Users/kim/Desktop/flex/flex-optimizer/trawa_inputs/load_price_gas_da.csv,/Users/kim/Desktop/flex/flex-optimizer/trawa_inputs/load_price_gas_da.csv,/Users/kim/Desktop/flex/flex-optimizer/trawa_inputs/load_price_gas_da.csv,/Users/kim/Desktop/flex/flex-optimizer/trawa_inputs/load_price_gas_da.csv,/Users/kim/Desktop/flex/flex-optimizer/trawa_inputs/load_price_gas_da.csv,/Users/kim/Desktop/flex/flex-optimizer/trawa_inputs/load_price_gas_da.csv,/Users/judethom/Documents/GitHub/flex/flex-optimizer/flex_optimizer/../trawa_inputs/load_price_gas_da.csv,/Users/kimthivu/Documents/trawa/flex/flex/flex-optimizer/trawa_inputs/load_price_gas_da.csv,/Users/kim/Desktop/flex/flex-optimizer/trawa_inputs/load_price_gas_da.csv,/Users/kim/Desktop/flex/flex-optimizer/trawa_inputs/load_price_gas_da.csv,/Users/kimthivu/Documents/trawa/flex/flex/flex-optimizer/trawa_inputs/load_price_gas_da.csv,/Users/kimthivu/Documents/trawa/flex/flex/flex-optimizer/trawa_inputs/load_price_gas_da.csv,/Users/judethom/Documents/GitHub/flex/flex-optimizer/flex_optimizer/../trawa_inputs/load_price_gas_da.csv,/Users/kimthivu/Documents/trawa/flex/flex/flex-optimizer/trawa_inputs/load_price_gas_da.csv,/Users/kim/Desktop/flex/flex-optimizer/trawa_inputs/load_price_gas_da.csv,/Users/kim/Desktop/flex/flex-optimizer/trawa_inputs/load_price_gas_da.csv,/Users/kimthivu/Documents/trawa/flex/flex/flex-optimizer/trawa_inputs/load_price_gas_da.csv,/Users/kimthivu/Documents/trawa/flex/flex/flex-optimizer/trawa_inputs/load_price_gas_da.csv,/Users/judethom/Documents/GitHub/flex/flex-optimizer/flex_optimizer/../trawa_inputs/load_price_gas_da.csv,/Users/kimthivu/Documents/trawa/flex/flex/flex-optimizer/trawa_inputs/load_price_gas_da.csv,/Users/kim/Desktop/flex/flex-optimizer/trawa_inputs/load_price_gas_da.csv,/Users/kim/Desktop/flex/flex-optimizer/trawa_inputs/load_price_gas_da.csv,/Users/kimthivu/Documents/trawa/flex/flex/flex-optimizer/trawa_inputs/load_price_gas_da.csv,/Users/kimthivu/Documents/trawa/flex/flex/flex-optimizer/trawa_inputs/load_price_gas_da.csv,/Users/judethom/Documents/GitHub/flex/flex-optimizer/flex_optimizer/../trawa_inputs/load_price_gas_da.csv,/Users/kimthivu/Documents/trawa/flex/flex/flex-optimizer/trawa_inputs/load_price_gas_da.csv,/Users/kim/Desktop/flex/flex-optimizer/trawa_inputs/load_price_gas_da.csv,/Users/kim/Desktop/flex/flex-optimizer/trawa_inputs/load_price_gas_da.csv,/Users/kimthivu/Documents/trawa/flex/flex/flex-optimizer/trawa_inputs/load_price_gas_da.csv,/Users/kimthivu/Documents/trawa/flex/flex/flex-optimizer/trawa_inputs/load_price_gas_da.csv
init_timestamp,20250107_104249,20250107_095150,20250107_105009,20250107_105442,20250107_110014,20250107_110443,20241211_183328,20241212_135530,20241212_101316,20241212_142229,20241212_001429,20241212_104531,20241211_192508,20241212_145323,20241212_105838,20241212_150837,20241212_013146,20241212_114225,20241211_194218,20241212_151233,20241212_111325,20241212_152402,20241212_032317,20241212_122604,20241211_185141,20241212_141606,20241212_102905,20241212_143756,20241212_003408,20241212_110508,20250107_104324,20250107_095223,20250107_105043,20250107_105517,20250107_110050,20250107_110518,20241211_184401,20241212_140739,20241212_102252,20241212_143155,20241212_002605,20241212_105657,20241211_182130,20241212_134137,20241212_100451,20241212_141249,20241212_000132,20241212_103241,20241211_195116,20241212_152236,20241212_112122,20241212_153158,20241212_035106,20241212_125552,20241211_191450,20241212_144202,20241212_104930,20241212_145814,20241212_005943,20241212_113028,20250107_104307,20250107_095206,20250107_105026,20250107_105500,20250107_110032,20250107_110501,20241211_183904,20241212_140143,20241212_101813,20241212_142730,20241212_002038,20241212_105144,20241211_193327,20241212_150242,20241212_110536,20241212_151615,20241212_021249,20241212_120738,20241211_200224,20241212_153500,20241212_113123,20241212_154116,20241212_040329,20241212_130729,20241211_190200,20241212_142734,20241212_103802,20241212_144642,20241212_004529,20241212_111641
usage_quota_ic_matches,True,True,True,True,True,True,True,True,True,True,True,True,True,True,True,True,True,True,True,True,True,True,True,True,True,True,True,True,True,True,True,True,True,True,True,True,True,True,True,True,True,True,True,True,True,True,True,True,True,True,True,True,True,True,True,True,True,True,True,True,True,True,True,True,True,True,True,True,True,True,True,True,True,True,True,True,True,True,True,True,True,True,True,True,True,True,True,True,True,True
annual_total_grid_load,300230.3,600460.7,1000768,2001536,3002303,5003839,300500.3424564689,601000.6849129378,1001667.808188252,2003335.616376537,3005003.424564818,5008339.040941383,301040.3424564713,602080.6849129426,1003467.808188252,2006944.616376529,3010412.424564823,5017357.040941386,301580.3424564701,603160.6849129401,1005267.808188252,2010544.61637654,3015821.424564823,5026375.040941392,302120.3424564734,604240.6849129468,1007076.808188239,2014153.616376528,3021230.424564841,5035393.040941388,255150.3,510300.7,850500.8,1701002,2551502,4252504,255420.3424564718,510840.6849129432,851400.8081882515,1702801.616376536,2554202.424564818,4257004.040941386,255960.3424564713,511920.6849129427,853200.8081882528,1706410.61637653,2559611.424564819,4266022.040941385,256500.3424564689,513000.6849129378,855000.8081882496,1710010.616376534,2565020.424564817,4275040.040941377,257040.3424564672,514080.6849129344,856809.8081882505,1713619.616376552,2570429.424564807,4284058.040941395,210070.3,420140.7,700233.8,1400468,2100701,3501168,210340.3424564726,420680.6849129453,701133.8081882537,1402267.616376538,2103401.42456482,3505668.040941387,210880.3424564701,421760.6849129403,702933.8081882491,1405876.616376531,2108810.42456482,3514686.040941386,211420.3424564715,422840.6849129429,704733.8081882425,1409476.61637654,2114219.42456481,3523704.04094139,211960.3424564743,423920.6849129486,706542.8081882497,1413085.616376547,2119628.424564828,3532722.040941393
annual_total_grid_load_positive,300230.3,600460.7,1000768,2001536,3002303,5003839,300735.3267505323,601470.6535010645,1002472.890991127,2004945.78198229,3007418.672973445,5012364.454955765,305251.1053517468,610502.2107034936,1019023.016448701,2038194.129241889,3057229.259472852,5095361.99413051,314952.658891377,629905.317782754,1054098.580015394,2108432.813929537,3162727.272480934,5271164.796456444,328082.5283518892,656165.0567037784,1101451.739507603,2202903.479015203,3304355.218522803,5507408.948026599,257670.9,515341.8,858902.8,1717806,2576708,4294514,257558.022341209,515116.0446824177,858843.4257370459,1717686.851474119,2576530.277211186,4294217.128685337,262970.6460302233,525941.2920604467,878546.6371513914,1757286.737965198,2635789.88825735,4393076.678627104,273813.0334983549,547626.0669967098,918137.3679044371,1836420.931419694,2754804.161607255,4591569.625040387,287946.6297627256,575893.2595254512,968732.7865969068,1937480.03091518,2906220.046372771,4844083.698343321,225926.9,451853.9,753089.4,1506179,2259268,3765446,224160.8317387535,448321.663477507,747706.1536784988,1495412.307357021,2243118.461035538,3738530.141553108,227674.4615802957,455348.9231605914,761728.2867821418,1523611.794953355,2285327.127851012,3808960.772586505,237894.1285150779,475788.2570301557,799420.7131049255,1599087.267057397,2398711.021409173,3998047.165188567,251557.6101992893,503115.2203985789,849194.8567910964,1698389.713582193,2547584.570373289,4246160.552368718
annual_peak_trough_grid_load_da,"[24.207007502668784, 0.225531125801262]","[48.41401500533757, 0.451062251602524]","[80.69002500889594, 0.75177041933754]","[161.3800500177919, 1.50354083867508]","[242.07007502668785, 2.2553112580126196]","[403.4501250444797, 3.7588520966876993]","[21.835360190559186, -2.773583664529724]","[43.67072038111837, -5.547167329059448]","[72.78453396853001, -10.498229580662155]","[145.56906793706003, -20.99645916132431]","[218.35360190559186, -31.494688741988284]","[363.92266984265734, -52.491147903312594]","[20.077547953298563, -9.899468874198647]","[40.155095906597126, -19.798937748397293]","[66.92515984432976, -32.998229580662155]","[133.82354373237285, -66.10895916132358]","[200.74870357670443, -99.10718874198756]","[334.5722473090791, -165.21614790331296]","[18.547870242999124, -16.649468874198647]","[37.09574048599643, -33.29893774839729]","[61.82623414332738, -55.498229580662155]","[123.62725387842329, -111.10895916132358]","[185.4282736135192, -166.71968874198865]","[309.030313083711, -277.9411479033133]","[17.216466922118343, -23.399468874198647]","[34.432933844236686, -46.79893774839729]","[57.36720305466042, -78.11072958066143]","[114.73440610932448, -156.22145916132467]","[172.1016091639849, -234.33218874198792]","[286.8149952542426, -390.66614790331187]","[24.207007502668784, -7.3446327772304345]","[48.41401500533757, -14.689265554460867]","[80.69002500889594, -24.482166900846714]","[161.3800500177919, -48.96433380169343]","[242.07007502668785, -73.44650070254012]","[403.4501250444797, -122.41083450423353]","[21.016142056019817, -7.167982898592527]","[42.03228411204145, -14.335965797185054]","[70.05380284480088, -23.893332665857088]","[140.10760568960177, -47.786665331714175]","[210.16140853440265, -71.67999799756944]","[350.26901422400806, -119.46666332928362]","[18.918814476203806, -11.542827661888623]","[37.83762895240761, -23.085655323777246]","[63.06270838216369, -38.47610713711401]","[126.09272588219392, -76.93796472163194]","[189.15543426435943, -115.54082141134131]","[315.24816014655335, -192.60553568557043]","[17.276617593880474, -18.292827661888623]","[34.55323518776095, -36.585655323777246]","[57.5887166458142, -60.97610713711401]","[115.15533910325212, -122.0647142742273]","[172.72196156069003, -183.1533214113424]","[287.85520647556405, -305.3305356855708]","[15.960508340276647, -25.042827661888623]","[31.921016680553294, -50.085655323777246]","[53.18015222033682, -83.58860713711329]","[106.36030444067728, -167.1772142742284]","[159.5404566610141, -250.76582141134168]","[265.8792278985675, -418.05553568556934]","[24.207007502668784, -15.140327806063391]","[48.41401500533757, -30.280655612126782]","[80.69002500889594, -50.46787464036851]","[161.3800500177919, -100.93574928073699]","[242.07007502668785, -151.40362392110546]","[403.4501250444797, -252.33954613207825]","[20.832007502668603, -14.787028048786851]","[41.664015005337205, -29.574056097573703]","[69.44002500889837, -49.290206170388046]","[138.8800500177913, -98.58041234077609]","[208.32007502668785, -147.87061851116596]","[347.20012504447914, -246.45119986359168]","[18.061602899148056, -14.787028048786851]","[36.12320579829611, -29.574056097573703]","[60.205333289028204, -49.290206170388046]","[120.38300032962798, -98.58041234077609]","[180.588333618658, -147.87061851116596]","[300.97131938609164, -246.45119986359168]","[16.434700202575186, -20.312071659246612]","[32.86940040515037, -40.624143318493225]","[54.782323306515536, -67.70693539246167]","[109.53790313213722, -135.52637078492262]","[164.29348295775708, -203.34580617738538]","[273.80462655590054, -338.98472175476854]","[14.850747335716733, -27.062071659246612]","[29.701494671433466, -54.124143318493225]","[49.476538306213115, -90.31943539246095]","[98.95307661242805, -180.6388707849237]","[148.42961491864298, -270.95830617738466]","[247.35673290004524, -451.7097217547671]"
annual_peak_trough_grid_load_ia,"[24.207007502668784, 0.225531125801262]","[48.41401500533757, 0.451062251602524]","[80.69002500889594, 0.75177041933754]","[161.3800500177919, 1.50354083867508]","[242.07007502668785, 2.2553112580126196]","[403.4501250444797, 3.7588520966876993]","[21.835360190559186, -3.1494688741986465]","[43.67072038111837, -6.298937748397293]","[72.78453396853001, -10.498229580662155]","[145.56906793706366, -20.99645916132431]","[218.35360190559186, -31.494688741988284]","[363.92266984265734, -52.491147903312594]","[20.077547953298563, -9.899468874198647]","[40.155095906597126, -19.798937748397293]","[66.92515984432976, -32.998229580662155]","[133.82354373237285, -66.10895916132358]","[200.74870357670443, -99.10718874198756]","[334.5722473090791, -165.21614790331296]","[18.547870242998215, -16.649468874198647]","[37.09574048599643, -33.29893774839729]","[61.82623414332738, -55.498229580662155]","[123.62725387842329, -111.10895916132358]","[185.4282736135192, -166.71968874198865]","[309.0303130837092, -277.9411479033133]","[17.216466922118343, -23.399468874198647]","[34.432933844236686, -46.79893774839729]","[57.36720305466042, -78.11072958066143]","[114.73440610932448, -156.22145916132467]","[172.1016091639849, -234.33218874198792]","[286.8149952542426, -390.66614790331187]","[24.207007502668784, -7.3446327772304345]","[48.41401500533757, -14.689265554460867]","[80.69002500889594, -24.482166900846714]","[161.3800500177919, -48.96433380169343]","[242.07007502668785, -73.44650070254012]","[403.4501250444797, -122.41083450423353]","[21.016142056020726, -9.894813728511508]","[42.03228411204145, -19.789627457023016]","[70.05380284480088, -32.98276397285554]","[140.10760568960177, -65.96552794570925]","[210.16140853440265, -98.94829191856479]","[350.26901422400624, -164.91381986427405]","[18.918814476203806, -16.644813728511508]","[37.83762895240761, -33.289627457023016]","[63.06270838216551, -55.48276397285554]","[126.09272588219392, -111.07802794570853]","[189.1554342643576, -166.56079191856406]","[315.24816014655335, -277.6388198642744]","[17.276617593880474, -23.394813728511508]","[34.55323518776095, -46.789627457023016]","[57.5887166458142, -77.98276397285554]","[115.15533910325212, -156.07802794570853]","[172.72196156069003, -234.17329191856516]","[287.85520647556405, -390.3638198642748]","[15.960508340276647, -30.144813728511508]","[31.921016680553294, -60.289627457023016]","[53.18015222033864, -100.59526397285481]","[106.36030444067728, -201.19052794570962]","[159.5404566610141, -301.7857919185644]","[265.8792278985675, -503.0888198642733]","[24.207007502668784, -15.140327806063391]","[48.41401500533757, -30.280655612126782]","[80.69002500889594, -50.46787464036851]","[161.3800500177919, -100.93574928073699]","[242.07007502668785, -151.40362392110546]","[403.4501250444797, -252.33954613207825]","[20.832007502668603, -16.865689708624814]","[41.664015005337205, -33.73137941724963]","[69.44002500889837, -56.219068784384945]","[138.8800500177913, -112.43813756876989]","[208.32007502668785, -168.65720635315301]","[347.20012504447914, -281.09549855537443]","[18.061602899148056, -23.615689708624814]","[36.12320579829611, -47.23137941724963]","[60.205333289028204, -78.71906878438494]","[120.38300032962798, -157.55063756876916]","[180.588333618658, -236.2697063531523]","[300.97131938609164, -393.8204985553748]","[16.434700202575186, -30.381995851268584]","[32.86940040515037, -60.76399170253717]","[54.782323306515536, -101.27342271376801]","[109.53790313213722, -202.6593454275353]","[164.29348295775708, -304.0452681413062]","[273.80462655590054, -506.8172683831508]","[14.850747335715823, -38.33685100685307]","[29.701494671431647, -76.67370201370613]","[49.476538306213115, -127.90211603060925]","[98.95307661242805, -255.8042320612185]","[148.42961491864298, -383.70634809182775]","[247.35673290004524, -639.6232491646952]"
annual_peak_trough_grid_load_ic,"[24.207007502668784, 0.225531125801262]","[48.41401500533757, 0.451062251602524]","[80.69002500889594, 0.75177041933754]","[161.3800500177919, 1.50354083867508]","[242.07007502668785, 2.2553112580126196]","[403.4501250444797, 3.7588520966876993]","[21.835360190559186, -3.1494688741986465]","[43.67072038111837, -6.298937748397293]","[72.78453396853001, -10.498229580662155]","[145.56906793706366, -20.99645916132431]","[218.35360190559186, -31.494688741988284]","[363.92266984265734, -52.491147903312594]","[20.077547953298563, -9.899468874198647]","[40.155095906597126, -19.798937748397293]","[66.92515984432976, -32.998229580662155]","[133.82354373237285, -66.10895916132358]","[200.74870357670443, -99.10718874198756]","[334.5722473090791, -165.21614790331296]","[18.547870242998215, -16.649468874198647]","[37.09574048599643, -33.29893774839729]","[61.8262341433292, -55.498229580662155]","[123.62725387842329, -111.10895916132358]","[185.4282736135192, -166.71968874198865]","[309.0303130837092, -277.9411479033133]","[17.216466922118343, -23.399468874198647]","[34.432933844236686, -46.79893774839729]","[57.36720305466042, -78.11072958066143]","[114.73440610932084, -156.22145916132467]","[172.1016091639849, -234.33218874198792]","[286.8149952542426, -390.66614790331187]","[24.207007502668784, -7.3446327772304345]","[48.41401500533757, -14.689265554460867]","[80.69002500889594, -24.482166900846714]","[161.3800500177919, -48.96433380169343]","[242.07007502668785, -73.44650070254012]","[403.4501250444797, -122.41083450423353]","[21.016142056020726, -9.83546679983283]","[42.03228411203963, -19.67093359966566]","[70.05380284480088, -32.78494093754671]","[140.10760568960177, -65.56988187509342]","[210.16140853440265, -98.35482281264012]","[350.26901422400624, -163.92470468773354]","[18.918814476203806, -13.991026194043116]","[37.83762895240761, -27.98205238808623]","[63.06270838216551, -46.636787569461376]","[126.09272588219392, -93.38607513892384]","[189.1554342643576, -140.02286270838522]","[315.24816014655335, -233.40893784730906]","[17.276617593880474, -22.129766009184095]","[34.55323518776095, -44.25953201836819]","[57.5887166458142, -73.76593055530611]","[115.15533910325212, -147.64436111061332]","[172.72196156069003, -221.52279166592052]","[287.85520647556405, -369.2796527765331]","[15.960508340276647, -30.792982898592527]","[31.921016680553294, -61.585965797185054]","[53.18015222033864, -102.75583266585636]","[106.36030444067728, -205.51166533171454]","[159.5404566610141, -308.2674979975691]","[265.8792278985675, -513.8916633292829]","[24.207007502668784, -15.140327806063391]","[48.41401500533757, -30.280655612126782]","[80.69002500889594, -50.46787464036851]","[161.3800500177919, -100.93574928073699]","[242.07007502668785, -151.40362392110546]","[403.4501250444797, -252.33954613207825]","[20.832007502668603, -16.814495851268475]","[41.664015005337205, -33.62899170253695]","[69.44002500889837, -56.04842271376765]","[138.8800500177913, -112.0968454275353]","[208.32007502668785, -168.1452681413066]","[347.20012504447914, -280.2422683831501]","[18.061602899148056, -23.429495851268257]","[36.12320579829611, -46.858991702536514]","[60.205333289028204, -78.09842271376874]","[120.38300032962798, -156.3070954275354]","[180.588333618658, -234.40551814130595]","[300.97131938609164, -390.71276838315134]","[16.434700202575186, -31.66202804878685]","[32.86940040515037, -63.3240560975737]","[54.782323306515536, -105.54020617038805]","[109.53790313213722, -211.19291234077537]","[164.29348295775708, -316.8456185111663]","[273.80462655590054, -528.1511998635924]","[14.850747335715823, -38.41202804878685]","[29.701494671431647, -76.8240560975737]","[49.476538306213115, -128.15270617038732]","[98.95307661242805, -256.30541234077646]","[148.42961491864116, -384.4581185111656]","[247.35673290004524, -640.876199863591]"
annual_total_energy_trade_cost,24241.52,48483.04,80805.07,161610.1,242415.2,404025.3,21148.02328496277,42296.04656992554,70494.13430379312,140995.3539506694,211498.6243654663,352473.9596684875,15503.3907153582,31008.55679474055,51534.85267428958,102985.8217129794,154516.329656756,257572.4793096705,10700.40725173729,21407.92289504591,35517.35171592895,70986.67555230531,106334.1927579764,177183.3793150006,7017.178911742948,14020.60201997509,23084.4950335235,46113.88916606639,69191.38964779172,115358.392733676,21565.21,43130.43,71884.02,143768,215652.1,359420.1,18491.98788780685,36984.33080820226,61619.19462510433,123239.2724881057,184859.2897167563,308098.6231247491,12593.83263092483,25182.70547704133,42011.04723591555,83947.2156112346,125940.9238492493,209791.3201675663,7603.280793621678,15215.22661140688,25080.63470577337,50198.42202670977,75314.77750277298,125588.3254079639,3786.188196735049,7591.5016787447,12263.52266316218,24501.60058506738,36816.42744189205,60972.31183082466,18888.91,37777.81,62962.98,125926,188888.9,314814.8,15816.05268657207,31631.09278360151,52698.80909591631,105398.1656936812,158094.3045290864,263486.3590507426,9972.830029928009,19954.94758916937,33318.68787235754,66527.55023651433,99853.66412395767,166477.1389522254,4853.021647173076,9711.847852863782,15833.10840197016,31620.02140894684,47398.95778999151,79084.75034345246,617.2440480002069,1232.086317195911,1633.968453117021,3203.908291428645,4720.049262320561,7854.796868758378
annual_total_grid_fee_cost,36794.43,73198.86,121733.6,237147.1,352560.7,583387.8,34916.1240817416,69442.24816348321,115463.6463057493,224607.2926115023,333750.938917255,552038.2315287613,33757.66842945066,67125.33685890131,111588.4908454985,216842.9326875432,322112.0352790488,532631.8675400898,33075.26621661038,65760.53243322075,109260.2705420125,212192.1692216932,315122.0592455559,520974.193940352,32745.73648027917,65101.47296055834,108066.5441010804,209813.0882021619,311559.6323032446,515043.408059753,34392.8,68395.61,113732.7,222818.7,331068.1,547566.9,31820.97741375446,63251.95482750873,105177.7920015598,205709.7009738819,305404.5514608246,504794.2524347103,30440.16039435256,60490.32078870554,100668.8042737117,196441.5318765256,291508.3585055405,481629.8930284975,29731.67002579145,59073.34005158283,98501.81985408084,191644.1496757082,284306.0672559608,469629.8520708939,29471.07702309286,58552.15404618569,97812.43353281396,189676.4263315195,281354.6394972808,464713.1259967851,30083.65,59777.31,99368.8,195346,289858.9,478884.8,29788.32976716313,59186.65953432625,98412.83835923011,193497.8817358329,287086.8226037508,474264.6726841931,27759.19859789053,55128.39719578085,91779.41518749495,180050.3279101643,266922.0401858774,440653.4598020351,27027.86463497523,53665.72926995044,89546.29877894965,175142.381104636,259546.8668792003,428360.301592966,26525.39680146081,52660.79360292165,88089.20256691602,171646.9541322912,254310.4311984385,419625.9211462553
annual_total_grid_fee_cost_peak_load,19462.43,38924.87,64874.78,129749.6,194624.3,324373.9,17555.62959320959,35111.25918641917,58518.76531069813,117037.5306213992,175556.2959320958,292593.8265534965,16142.34855445204,32284.69710890409,53807.82851484112,107594.1291608278,161401.9576756704,268996.0868364996,14912.48767537056,29824.97535074113,49708.29225123668,99396.31211825233,149084.3319852694,248460.3717193022,13842.03940538315,27684.0788107663,46123.23125594698,92246.46251189396,138369.6937678439,230599.2561844111,19462.43,38924.87,64874.78,129749.6,194624.3,324373.9,16896.97821304066,33793.95642607987,56323.25748721991,112646.5149744398,168969.7724616597,281616.287436101,15210.72683886786,30421.45367773572,50702.41753926107,101378.5516092839,152080.9691485435,253459.5207578289,13890.4005454799,27780.8010909598,46301.32818323462,92584.8926390147,138868.4570947948,231435.5860063535,12832.24870558242,25664.49741116485,42756.84238515227,85513.68477030454,128270.5271554553,213766.8992304482,3388.981,6777.962,11296.6,22593.21,33889.81,56483.02,16748.93403214556,33497.86806429111,55829.78010715429,111659.5602143042,167489.340321457,279148.9005357612,14521.52873091504,29043.05746183007,48405.08796437868,96787.93226502089,145193.020229401,241980.9407864177,13213.49896287045,26426.9979257409,44044.98793843849,88068.47411823831,132091.9602980367,220138.919750944,11940.00085791552,23880.00171583104,39779.13679819534,79558.27359639216,119337.4103945875,198874.8132516364
annual_total_grid_load_cost,61035.95,121681.9,202538.6,398757.2,594975.9,987413.1,56064.14736670438,111738.2947334088,185957.7806095424,365602.6465621718,545249.5632827213,904512.1911972489,49261.05914480885,98133.89365364186,163123.3435197881,319828.7544005225,476628.3649358047,790204.3468497603,43775.67346834767,87168.45532826666,144777.6222579414,283178.8447739985,421456.2520035323,698157.5732553526,39762.91539202211,79122.07498053343,131151.0391346039,255926.9773682283,380751.0219510363,630401.800793429,55958.02,111526,185616.7,366586.8,546720.2,906987,50312.96530156131,100236.285635711,166796.9866266642,328948.9734619876,490263.8411775809,812892.8755594594,43033.99302527739,85673.02626574687,142679.8515096272,280388.7474877602,417449.2823547898,691421.2131960638,37334.95081941313,74288.5666629897,123582.4545598542,241842.571702418,359620.8447587338,595218.1774788578,33257.26521982791,66143.65572493039,110075.9561959761,214178.0269165869,318171.0669391729,525685.4378276098,48972.56,97555.12,162331.8,321271.9,478747.9,793699.7,45604.38245373519,90817.75231792776,151111.6474551464,298896.0474295141,445181.1271328372,737751.0317349357,37732.02862781854,75083.34478495021,125098.1030598525,246577.8781466787,366775.704309835,607130.5987542606,31880.8862821483,63377.57712281423,105379.4071809198,206762.4025135829,306945.8246691918,507445.0519364184,27142.64084946102,53892.87992011756,89723.17102003304,174850.8624237198,259030.4804607591,427480.7180150137
annual_total_generated_energy,False,False,False,False,False,False,False,False,False,False,False,False,False,False,False,False,False,False,False,False,False,False,False,False,False,False,False,False,False,False,False,False,False,False,False,False,False,False,False,False,False,False,False,False,False,False,False,False,False,False,False,False,False,False,False,False,False,False,False,False,False,False,False,False,False,False,False,False,False,False,False,False,False,False,False,False,False,False,False,False,False,False,False,False,False,False,False,False,False,False
annual_total_generator_grid_cost,False,False,False,False,False,False,False,False,False,False,False,False,False,False,False,False,False,False,False,False,False,False,False,False,False,False,False,False,False,False,False,False,False,False,False,False,False,False,False,False,False,False,False,False,False,False,False,False,False,False,False,False,False,False,False,False,False,False,False,False,False,False,False,False,False,False,False,False,False,False,False,False,False,False,False,False,False,False,False,False,False,False,False,False,False,False,False,False,False,False
annual_total_generator_fuel_cost,False,False,False,False,False,False,False,False,False,False,False,False,False,False,False,False,False,False,False,False,False,False,False,False,False,False,False,False,False,False,False,False,False,False,False,False,False,False,False,False,False,False,False,False,False,False,False,False,False,False,False,False,False,False,False,False,False,False,False,False,False,False,False,False,False,False,False,False,False,False,False,False,False,False,False,False,False,False,False,False,False,False,False,False,False,False,False,False,False,False
pv_annual_total,False,False,False,False,False,False,False,False,False,False,False,False,False,False,False,False,False,False,False,False,False,False,False,False,False,False,False,False,False,False,45080,90160,150267,300534,450801,751335,45079.9999999994,90159.99999999879,150266.9999999999,300533.9999999997,450801.0000000045,751335.0000000009,45079.9999999994,90159.99999999879,150266.9999999999,300533.9999999998,450801.0000000045,751335.0000000002,45079.9999999994,90159.99999999879,150266.9999999999,300533.9999999997,450801.0000000046,751335.0000000005,45079.9999999994,90159.99999999879,150266.9999999999,300533.9999999998,450801.0000000046,751335.0000000006,90160,180320,300534,601068,901602,1502671,90160.00000000023,180320.0000000005,300533.9999999974,601067.9999999937,901602.0000000063,1502670.999999996,90160.00000000015,180320.0000000003,300533.9999999962,601067.9999999912,901602.000000006,1502670.999999999,90160.0000000001,180320.0000000002,300533.9999999964,601067.9999999928,901602.0000000065,1502670.999999998,90160.0000000002,180320.0000000004,300533.9999999966,601067.9999999935,901602.0000000068,1502671
pv_consumed_directly,False,False,False,False,False,False,False,False,False,False,False,False,False,False,False,False,False,False,False,False,False,False,False,False,False,False,False,False,False,False,42559.43,85118.85,141865,283730.1,425595.1,709325.1,42559.42582254806,85118.85164509612,141865.0292601795,283730.058520359,425595.0877805436,709325.1463008991,42559.42582254806,85118.85164509612,141865.0292601795,283730.058520359,425595.0877805436,709325.1463008991,42559.42582254806,85118.85164509612,141865.0292601795,283730.058520359,425595.0877805436,709325.1463008991,42559.42582254806,85118.85164509612,141865.0292601795,283730.058520359,425595.0877805436,709325.1463008991,74303.41,148606.8,247678.4,495356.9,743035.3,1238393,74303.40905562244,148606.8181112449,247678.428433057,495356.856866114,743035.2852991872,1238392.739536777,74303.40905562244,148606.8181112449,247678.428433057,495356.856866114,743035.2852991872,1238392.739536777,74303.40905562244,148606.8181112449,247678.428433057,495356.856866114,743035.2852991872,1238392.739536777,74303.40905562244,148606.8181112449,247678.428433057,495356.856866114,743035.2852991872,1238392.739536777
pv_stored,False,False,False,False,False,False,False,False,False,False,False,False,False,False,False,False,False,False,False,False,False,False,False,False,False,False,False,False,False,False,False,False,False,False,False,False,999.4661417791905,1998.932283558381,3202.451027642125,6404.902055284591,9607.353082926962,16012.25513821115,1495.602992966757,2991.205985933516,4784.39814426492,9571.380372280515,14355.82846658607,23927.20883886767,1701.39216348848,3402.784326976961,5409.940669327871,10822.14105605242,16234.3414427757,27058.7422162221,1935.150151048082,3870.300302096163,6228.499497963051,12442.54127456111,18663.8119118417,31112.92673982188,False,False,False,False,False,False,3397.430583611801,6794.861167223601,11063.44782864737,22126.89565729522,33190.34348594262,55317.28633445054,7047.105511626345,14094.21102325269,22740.48640482812,45512.50935322381,68253.73810401352,113766.3759798642,9135.027719350499,18270.055438701,29278.42222076315,58574.05661717469,87883.05571872045,146481.8657029932,10866.79632034802,21733.59264069604,34979.97173497056,69959.94346994176,104939.9152049127,175000.1946480213
pv_sold,False,False,False,False,False,False,False,False,False,False,False,False,False,False,False,False,False,False,False,False,False,False,False,False,False,False,False,False,False,False,2520.574,5041.148,8401.971,16803.94,25205.91,42009.85,1521.108035672149,3042.216071344298,5199.51971217822,10399.03942435601,15598.55913653402,25997.59856089063,1024.97118448458,2049.942368969158,3617.572595555424,7232.561107360175,10850.08375287499,18082.64486023389,819.1820139628563,1638.364027925713,2992.030070492477,5981.800423588336,8971.570776685407,14951.11148287941,585.4240264032538,1170.848052806507,2173.471241857289,4361.400205079686,6542.100307619427,10896.92695927966,15856.59,31713.18,52855.57,105711.1,158566.7,264278.3,12459.16036076599,24918.32072153199,41792.12373829311,83584.24747658595,125376.3712148787,208960.9741287718,8809.485432751422,17618.97086550284,30115.08516211216,60198.63378065537,90312.9765968073,150511.8844833592,6721.563225027367,13443.12645005473,23577.14934617747,47137.08651670565,70683.65898210024,117796.3947602301,4989.794624029799,9979.589248059601,17875.5998319695,35751.19966393859,53626.79949590783,89278.06581520161
stored_pv_consumed,False,False,False,False,False,False,False,False,False,False,False,False,False,False,False,False,False,False,False,False,False,False,False,False,False,False,False,False,False,False,False,False,False,False,False,False,999.4661417791903,1998.932283558381,3202.451027642125,6404.9020552846,9607.353082926935,16012.25513821117,1495.602992966757,2991.205985933518,4784.398144264922,9571.380372280517,14355.82846658595,23927.20883886725,1701.392163488481,3402.784326976961,5409.940669327869,10822.14105605237,16234.34144277559,27058.74221622199,1935.150151048083,3870.300302096167,6228.499497963064,12442.54127456102,18663.81191184154,31112.9267398218,False,False,False,False,False,False,3397.430583611797,6794.861167223593,11063.44782864734,22126.89565729386,33190.34348594034,55317.28633444708,7047.105511626289,14094.21102325258,22740.48640482707,45512.50935322186,68253.7381040115,113766.3759798621,9135.027719350295,18270.05543870059,29278.4222207619,58574.05661717318,87883.0557187191,146481.8657029907,10866.79632034797,21733.59264069593,34979.97173497009,69959.94346994092,104939.9152049118,175000.1946480207
remaining_stored_pv,False,False,False,False,False,False,False,False,False,False,False,False,False,False,False,False,False,False,False,False,False,False,False,False,False,False,False,False,False,False,False,False,False,False,False,False,False,False,False,False,False,False,False,False,False,False,False,False,False,False,False,False,False,False,False,False,False,False,False,False,False,False,False,False,False,False,False,False,False,False,False,False,False,False,False,False,False,False,False,False,False,False,False,False,False,False,False,False,False,False
pv_consumed_percentage,False,False,False,False,False,False,False,False,False,False,False,False,False,False,False,False,False,False,False,False,False,False,False,False,False,False,False,False,False,False,0.944087,0.944087,0.944086,0.944086,0.944086,0.944086,0.9662575857215578,0.9662575857215578,0.9653981265868207,0.965398126586822,0.9653981265868224,0.9653981265868213,0.9772632833965263,0.9772632833965263,0.9759257016140908,0.9759342999216056,0.9759315446219621,0.975932646741821,0.98182826055983,0.98182826055983,0.9800885751995283,0.9800960942070172,0.9800986005428441,0.9801006056115057,0.9870136640105753,0.9870136640105753,0.9855359377517532,0.9854878309772614,0.9854878309772619,0.9854965801416417,0.824128,0.824128,0.824128,0.824128,0.824128,0.824128,0.8618105550048141,0.8618105550048141,0.8609404468769143,0.8609404468769144,0.860940446876917,0.8609403028814875,0.9022905342418877,0.9022905342418877,0.8997947481412668,0.8998472156550403,0.8998305498470426,0.8998371004142893,0.9254485001660675,0.9254485001660675,0.9215491447018382,0.9215777806891962,0.921602149305237,0.9216086590077068,0.9446562264415507,0.9446562264415507,0.9405205406643852,0.9405205406643857,0.9405205406643868,0.9405870840555242
generator_load_0_da,False,False,False,False,False,False,False,False,False,False,False,False,False,False,False,False,False,False,False,False,False,False,False,False,False,False,False,False,False,False,False,False,False,False,False,False,False,False,False,False,False,False,False,False,False,False,False,False,False,False,False,False,False,False,False,False,False,False,False,False,False,False,False,False,False,False,False,False,False,False,False,False,False,False,False,False,False,False,False,False,False,False,False,False,False,False,False,False,False,False
annual_total_generator_grid_cost_da,False,False,False,False,False,False,False,False,False,False,False,False,False,False,False,False,False,False,False,False,False,False,False,False,False,False,False,False,False,False,False,False,False,False,False,False,False,False,False,False,False,False,False,False,False,False,False,False,False,False,False,False,False,False,False,False,False,False,False,False,False,False,False,False,False,False,False,False,False,False,False,False,False,False,False,False,False,False,False,False,False,False,False,False,False,False,False,False,False,False
annual_total_generator_fuel_cost_da,False,False,False,False,False,False,False,False,False,False,False,False,False,False,False,False,False,False,False,False,False,False,False,False,False,False,False,False,False,False,False,False,False,False,False,False,False,False,False,False,False,False,False,False,False,False,False,False,False,False,False,False,False,False,False,False,False,False,False,False,False,False,False,False,False,False,False,False,False,False,False,False,False,False,False,False,False,False,False,False,False,False,False,False,False,False,False,False,False,False
generator_load_0_ia,False,False,False,False,False,False,False,False,False,False,False,False,False,False,False,False,False,False,False,False,False,False,False,False,False,False,False,False,False,False,False,False,False,False,False,False,False,False,False,False,False,False,False,False,False,False,False,False,False,False,False,False,False,False,False,False,False,False,False,False,False,False,False,False,False,False,False,False,False,False,False,False,False,False,False,False,False,False,False,False,False,False,False,False,False,False,False,False,False,False
annual_total_generator_grid_cost_ia,False,False,False,False,False,False,False,False,False,False,False,False,False,False,False,False,False,False,False,False,False,False,False,False,False,False,False,False,False,False,False,False,False,False,False,False,False,False,False,False,False,False,False,False,False,False,False,False,False,False,False,False,False,False,False,False,False,False,False,False,False,False,False,False,False,False,False,False,False,False,False,False,False,False,False,False,False,False,False,False,False,False,False,False,False,False,False,False,False,False
annual_total_generator_fuel_cost_ia,False,False,False,False,False,False,False,False,False,False,False,False,False,False,False,False,False,False,False,False,False,False,False,False,False,False,False,False,False,False,False,False,False,False,False,False,False,False,False,False,False,False,False,False,False,False,False,False,False,False,False,False,False,False,False,False,False,False,False,False,False,False,False,False,False,False,False,False,False,False,False,False,False,False,False,False,False,False,False,False,False,False,False,False,False,False,False,False,False,False
generator_load_0_ic,False,False,False,False,False,False,False,False,False,False,False,False,False,False,False,False,False,False,False,False,False,False,False,False,False,False,False,False,False,False,False,False,False,False,False,False,False,False,False,False,False,False,False,False,False,False,False,False,False,False,False,False,False,False,False,False,False,False,False,False,False,False,False,False,False,False,False,False,False,False,False,False,False,False,False,False,False,False,False,False,False,False,False,False,False,False,False,False,False,False
annual_total_generator_grid_cost_ic,False,False,False,False,False,False,False,False,False,False,False,False,False,False,False,False,False,False,False,False,False,False,False,False,False,False,False,False,False,False,False,False,False,False,False,False,False,False,False,False,False,False,False,False,False,False,False,False,False,False,False,False,False,False,False,False,False,False,False,False,False,False,False,False,False,False,False,False,False,False,False,False,False,False,False,False,False,False,False,False,False,False,False,False,False,False,False,False,False,False
annual_total_generator_fuel_cost_ic,False,False,False,False,False,False,False,False,False,False,False,False,False,False,False,False,False,False,False,False,False,False,False,False,False,False,False,False,False,False,False,False,False,False,False,False,False,False,False,False,False,False,False,False,False,False,False,False,False,False,False,False,False,False,False,False,False,False,False,False,False,False,False,False,False,False,False,False,False,False,False,False,False,False,False,False,False,False,False,False,False,False,False,False,False,False,False,False,False,False
annual_total_energy_trade_cost_da,24241.52,48483.04,80805.07,161610.1,242415.2,404025.3,23159.72882544234,46319.45765088469,77193.55738226062,154387.1147645238,231580.6721467867,385967.7869113127,21219.18990308188,42438.37980616376,70689.65771596576,141350.3543248119,212040.0126380445,353390.3669111447,19757.75750233011,39515.51500466023,65708.32313062705,131396.5354551572,197084.7590010401,328461.2063991142,18793.01841353106,37586.03682706232,62315.92816933416,124631.8563386722,186947.7845080094,311566.5808384633,21565.21,43130.43,71884.02,143768,215652.1,359420.1,20485.14117723149,40970.28235446299,68283.24900540747,136566.4980108175,204849.7470162275,341416.2450270474,18538.09667670466,37076.19335340932,61745.83115971652,123461.5102233111,185207.3385864339,308668.848809748,16927.2414879578,33854.48297591561,56221.95447818565,112419.6194027644,168617.2884301118,281012.6286314436,15710.90204961467,31421.80409922933,52056.43722563624,104113.2565035763,156169.3116769131,260265.6942526262,18888.91,37777.81,62962.98,125926,188888.9,314814.8,17822.152412931,35644.304825862,59400.37629211642,118800.7525842353,178201.128876354,297001.8221033402,15901.94621844883,31803.89243689766,52938.57670657881,105846.9311589311,158785.5075125147,264632.3796662022,14252.16313614904,28504.32627229808,47322.05432251281,94619.06414117635,141916.0827156391,236510.0624378286,12998.51190128614,25997.02380257229,42878.51225812673,85757.88565082412,128636.8664406436,214375.2122864365
annual_total_grid_fee_cost_da,36794.43,73198.86,121733.6,237147.1,352560.7,583387.8,34903.45120252751,69416.90240505502,115429.8532807598,224539.7065615227,333649.559842286,551869.266403813,33578.48281277231,66766.96562554422,111016.05030647,215692.9983411423,320389.0474766438,529762.0458177886,32540.65438908129,64691.30877816219,107592.7533920599,208849.1603988362,310105.5674056136,512618.381419169,31733.11444814203,63076.22889628418,104950.9951120454,203581.9902240917,302212.9853361385,499462.4760831621,34392.8,68395.61,113732.7,222818.7,331068.1,547566.9,31780.32489123439,63170.64978246906,105024.9752686319,205436.1852902788,304994.2779354198,504110.4632257028,30161.70669176647,59933.4133835328,99679.53662150042,194663.8159629223,288847.5317215053,477191.3476844288,29058.2920914822,57726.58418296435,96163.24919927667,187455.6534347309,278016.8613495246,459139.2771791139,28309.53850949062,56229.07701898109,93754.93125201829,182413.0825435149,270460.1968937245,446541.3466914932,30083.65,59777.31,99368.8,195346,289858.9,478884.8,29719.72667072928,59049.45334145855,98162.9882034644,193050.6929048505,286416.0393572773,473146.7002496056,27386.324309567,54382.64861913396,90450.00450320075,177663.6972999639,263346.3554435165,434690.0057968821,26195.42285318395,52000.84570636817,86602.63751638454,169864.4050152586,251627.3999108595,415153.3396068563,25130.56781410272,49871.13562820536,83298.8745370238,163072.2292546947,241448.3059176379,398185.9359708895
avg_price_bought_da,0.080743,0.080743,0.080743,0.080743,0.080743,0.080743,0.07707120731287097,0.07707120731287097,0.0770671396939484,0.07706713969394842,0.07706713969394843,0.07706713969394842,0.07091716692432873,0.0709171669243287,0.07094494500332459,0.07093275218449777,0.07093681640663173,0.07093519069975815,0.06723933113410564,0.06723933113410603,0.06734369380653425,0.06733787869812487,0.06733594409008899,0.06733439649900239,0.0657477964957724,0.06574779649577246,0.06592634574003746,0.06592634574003729,0.06592634574003753,0.0659256665663629,0.083946,0.083946,0.083946,0.083946,0.083946,0.083946,0.07992969946725903,0.07992969946725902,0.07992891286964379,0.07992891286964374,0.07992891286964374,0.07992891286964375,0.07297739919593631,0.07297739919593631,0.07299337440824025,0.07297922512652422,0.0729839403989866,0.0729820542784292,0.06839063473329142,0.06839063473329139,0.06849701667137487,0.06848838375335127,0.0684855078699519,0.06848320772345921,0.06603321844340232,0.0660332184434023,0.06611594027478884,0.06611579305393456,0.06611594027478877,0.06611458942918276,0.086522,0.086522,0.086522,0.086522,0.086522,0.086522,0.0825256017913667,0.08252560179136668,0.08251647710158035,0.08251647710158029,0.0825164771015803,0.08251648006700661,0.07565087899979726,0.07565087899979725,0.07567338190887675,0.07565837537613311,0.07566337736637153,0.07566137996817071,0.07059117195667612,0.07059117195667611,0.07067328665456676,0.07066336843939136,0.07066006645347477,0.07065742856442687,0.06779391879286586,0.06779391879286586,0.06790049291513717,0.06790012345159338,0.06790011259256654,0.06789869611502246
avg_price_sold_da,False,False,False,False,False,False,0.09584316759767203,0.09584316759767203,0.0926322650783148,0.09263226507830832,0.09263226507830741,0.09263226507827967,0.1962195295593497,0.1962195295593497,0.1897459417348032,0.1897918136114487,0.1897767432347481,0.1897827769473977,0.2007043392411813,0.2007043392411822,0.193216243278995,0.1932221846862374,0.1932241594313355,0.1932257371739356,0.1992977114117802,0.1992977114117807,0.190677092521402,0.1906770925214046,0.190677092521405,0.1906793818370888,0.025927,0.025927,0.025927,0.025927,0.025927,0.025927,0.03091307820517243,0.03091307820517243,0.03098901195615787,0.03098901195615271,0.03098901195615362,0.0309890119561549,0.1410104516559553,0.1410104516559553,0.1410904270568134,0.1413106133330098,0.1412372101646177,0.1412665878622382,0.1827052289003915,0.1827052289003913,0.1764986297747406,0.1765230286966033,0.176531141569975,0.1765376246539218,0.1883184260389505,0.1883184260389505,0.1808681610355833,0.1808709353112701,0.1808681610355854,0.1808716843979407,0.041542,0.041542,0.041542,0.041542,0.041542,0.041542,0.04573880535754912,0.04573880535754912,0.04585034250956582,0.04585034250956521,0.04585034250956502,0.04585034860528761,0.08069064913593467,0.08069064913593466,0.08290469512035756,0.0830284837597566,0.08298722219532534,0.08300369109956478,0.1279401809415723,0.1279401809415723,0.1290853003194455,0.1291771100183869,0.1292076882647671,0.1292320709757057,0.1599421149558854,0.1599421149558854,0.1561257181426857,0.1561263980763972,0.1561264180633645,0.1561416489470984
annual_total_energy_trade_cost_positive_da,24445.31,48890.62,81484.37,162968.7,244453.1,407421.9,23404.90296551363,46809.80593102727,78020.07085766186,156040.1417153263,234060.2125729905,390100.3542883191,21737.58349907715,43475.16699815429,72541.09689898638,145061.9850413016,217603.08033705,362665.0653266391,20893.32405504342,41786.6481100868,69940.31412804764,139874.2317710088,209808.1606353242,349676.0186702629,20766.07574354096,41532.15148708212,69794.9409758902,139589.8819517842,209384.8229276771,348977.3665064612,21763.84,43527.67,72546.1,145092.2,217638.3,362730.5,20672.66902320011,41345.33804640023,68909.0190899684,137818.0381799393,206727.0572699101,344545.0954498519,19041.95646762511,38083.91293525021,63552.27641161008,127085.1175513542,190637.3949397916,317722.5124911478,18175.54250780267,36351.08501560534,60937.47158392659,121866.7595345798,182796.0485388066,304654.6272047593,17962.50319890058,35925.00639780115,60325.58878755435,120650.4133192035,180976.766362667,301629.5062730889,19699.95,39399.89,65666.47,131332.9,196999.4,328332.3,18545.92644899544,37091.85289799089,61825.34505831872,123650.6901166397,185476.0351749606,309126.6844105256,16871.25842396391,33742.51684792782,56352.67541956352,112684.9095562459,169037.5846812171,281722.4531481927,15951.46948475149,31902.93896950299,53476.28496163659,106942.9320442616,160409.5878550651,267342.8596149535,15621.76858398048,31243.53716796096,52713.70922647964,105425.6958427834,158138.4678203284,263567.9402583835
annual_total_energy_trade_cost_negative_da,-203.791,-407.582,-679.303,-1358.61,-2037.91,-3396.51,-245.1741400712916,-490.3482801425832,-826.5134754012506,-1653.026950802507,-2479.540426203765,-4132.567377006351,-518.3935959952645,-1036.787191990529,-1851.439183020619,-3711.630716489689,-5563.067699005488,-9274.698415494357,-1135.566552713308,-2271.133105426568,-4231.990997420602,-8477.696315851596,-12723.40163428411,-21214.81227114872,-1973.0573300099,-3946.114660019794,-7479.01280655604,-14958.02561311202,-22437.03841966772,-37410.78566799797,-198.623,-397.247,-662.08,-1324.16,-1986.24,-3310.4,-187.5278459686176,-375.0556919372353,-625.7700845609212,-1251.540169121752,-1877.310253682661,-3128.850422804491,-503.8597909204451,-1007.719581840891,-1806.445251893561,-3623.607328043151,-5430.056353357669,-9053.663681399808,-1248.301019844867,-2496.60203968973,-4715.517105740941,-9447.140131815408,-14178.76010869485,-23641.99857331574,-2251.601149285908,-4503.202298571819,-8269.151561918108,-16537.15681562724,-24807.45468575393,-41363.81202046267,-811.042,-1622.08,-2703.49,-5406.97,-8110.46,-13517.5,-723.7740360644451,-1447.54807212889,-2424.968766202289,-4849.937532404425,-7274.906298606628,-12124.86230718539,-969.3122055150815,-1938.624411030162,-3414.098712984709,-6837.978397314768,-10252.07716870236,-17090.0734819905,-1699.306348602455,-3398.612697204911,-6154.230639123783,-12323.86790308526,-18493.50513942595,-30832.79717712488,-2623.256682694335,-5246.51336538867,-9835.196968352917,-19667.8101919593,-29501.60137968474,-49192.72797194701
annual_total_energy_trade_cost_ia,False,False,False,False,False,False,-454.6006649125922,-909.2013298251844,-1516.271171321875,-3030.069754094196,-4543.919333775139,-7577.152459481809,-1285.81224156276,-2569.849119101364,-4314.541938353946,-8640.48084933686,-12959.4758463268,-21530.27490096221,-1963.615656613792,-3920.122921656251,-6645.985683373959,-13290.14896046215,-20035.48087312428,-33421.29513107838,-2483.8920929677,-4981.539989446401,-8375.409677717384,-16807.84781562517,-25175.24971365218,-41897.11262930027,False,False,False,False,False,False,-439.3302793617958,-878.498471822063,-1473.797265397401,-2946.950300919844,-4419.439775868137,-7369.383367998712,-1284.944042586179,-2575.341663487823,-4324.556984782021,-8647.788444251639,-12983.13528082197,-21724.69838544403,-2003.215872955288,-3997.572363696849,-6812.81401906324,-13533.28748480051,-20244.47780432343,-33630.532443548,-2561.851923187725,-5104.578561100856,-8714.197060783996,-17456.64510612209,-26125.14545508836,-43904.25479310031,False,False,False,False,False,False,-432.418177779796,-864.6218078151277,-1455.311377043489,-2909.959673822747,-4367.481032075384,-7286.326456494218,-1267.214160415311,-2526.40510145132,-4289.440534061787,-8606.762495780295,-12895.97111528457,-21389.78826613314,-2008.509835580087,-4012.814223313943,-6860.678189512967,-13681.10596422631,-20532.81507009771,-34080.30881172071,-2655.513622592464,-5311.975901213299,-8989.384973894455,-18028.91567626201,-27135.93297320168,-45290.90949155788
annual_total_grid_fee_cost_ia,36794.43,73198.86,121733.6,237147.1,352560.7,583387.8,34908.44440100014,69426.88880200028,115443.6018569693,224567.2037139418,333690.8055709142,551938.0092848602,33664.46207424946,66938.92414849892,111290.907056065,216244.4132606442,321215.3203167142,531139.7335773605,32780.05994182493,65170.11988364985,108399.1307444303,210464.0502951637,312528.7321241955,516658.0957822585,32179.47788473072,63968.95576946143,106404.1056451753,206486.2771691956,306569.4157537949,506729.0613805701,34392.8,68395.61,113732.7,222818.7,331068.1,547566.9,31792.00792430145,63194.01584860283,105073.7336924127,205523.4544875474,305125.1817313228,504328.6362188739,30289.04740433655,60188.20196127906,100161.1334206931,195529.6928703907,290142.636374776,479351.819254244,29367.90531498668,58345.8106299733,97294.42677670628,189481.6360213254,281056.5143439198,464206.2697381946,28847.91407316925,57305.82814633849,95760.2805257876,186002.6950875863,275844.042631381,455523.1113928448,30083.65,59777.31,99368.8,195346,289858.9,478884.8,29745.13403781629,59100.26807563259,98264.30637358357,193232.0350133396,286688.0525200109,473600.0554732201,27546.05106654994,54702.10213309964,91051.24729252777,178744.5055220021,264966.2098039486,437390.6681601017,26552.85295616028,52715.70591232057,87989.0008233566,172348.4293972435,255354.7709486536,421367.4039761372,25802.75710611175,51215.5142122235,85689.92111249316,167352.6527518781,247868.9791278193,408886.8739899892
avg_price_bought_ia,False,False,False,False,False,False,0.06145845209746741,0.06145845209746741,0.06145382904335014,0.06143894770483269,0.06148329177954225,0.06150265227172477,0.06068004312129762,0.06067061993078716,0.06091468904521917,0.06093125219269159,0.06089976463028494,0.0609495712717551,0.06256428470032789,0.06253836615416566,0.06336695899001035,0.06311869564887315,0.06330992653769507,0.06323551067205099,0.06803519581605312,0.06840257019499292,0.06917106975660914,0.06968520141222845,0.06936565672305224,0.06952219810717891,False,False,False,False,False,False,0.06147405822935909,0.06150484712061999,0.0613042925529387,0.06131607066732635,0.0613796084443867,0.06135976251796531,0.05867136370049724,0.05860645088292239,0.05869070644462174,0.05873187304664386,0.05875312234250198,0.05870025073766809,0.05960511145874537,0.0595978201204029,0.06053970687362398,0.06079665909416004,0.06068527716090564,0.06068525115604975,0.06507657914255006,0.06469305885468826,0.06583355878699229,0.06563499194956955,0.06577604563036925,0.06592650024721802,False,False,False,False,False,False,0.06075180928849261,0.06073505330101683,0.06069267097724802,0.06068141439473985,0.06063417765706249,0.06060295284313599,0.05919799031948274,0.05906282755153321,0.05935506040551044,0.05932000213464142,0.0592795390805636,0.05913511530797708,0.05976490252058581,0.05941815970373552,0.06021505398182914,0.06032467930345935,0.06025267133204627,0.05993001645509145,0.06262485505519366,0.06234936840852593,0.06333386003868798,0.063230656682369,0.06312590770467277,0.06328274645117828
avg_price_sold_ia,False,False,False,False,False,False,0.09028412708896057,0.09028412708896057,0.09027849132869527,0.09022645295621831,0.09028993067475154,0.09030883945999064,0.09104708237818548,0.09103004815774339,0.09133501567335225,0.09137775997071877,0.09133884540858563,0.09131940393423701,0.09516587456787172,0.09510691349587208,0.0961853150715408,0.09595809651244504,0.09624040811459156,0.09625953401721053,0.1055929577050526,0.1060321035208499,0.1064456097345419,0.1071712048537427,0.1068005920985603,0.1067439642203896,False,False,False,False,False,False,0.09037263784700249,0.09039135109888975,0.09032993072910893,0.09031576045943726,0.09036756878449581,0.09036058320447884,0.08942152740839147,0.08943641203903456,0.08958035841029859,0.08962182704072702,0.08964414855273696,0.08969271821577314,0.09364678801591805,0.09358190095398809,0.09475190659001421,0.09488045693634889,0.09472583256878386,0.09465982809298622,0.1056531642709036,0.1052380968365701,0.1063841740405278,0.1062452352453411,0.1064826055425113,0.106591083698157,False,False,False,False,False,False,0.09009618963696808,0.09006227966496362,0.09020257461243594,0.09016056518175102,0.09010929622304008,0.09010223902220793,0.0909015782806463,0.09076731233935076,0.09125623248313613,0.09123367190561106,0.09121904368428033,0.0909064513502208,0.09555641152021979,0.09515448653157992,0.09622589905557609,0.09626427075240197,0.09619641622190138,0.09577984622899596,0.1067950774993306,0.1064314111288275,0.1067984521671156,0.1068111049213637,0.1069255786657772,0.1070526351447895
annual_total_energy_trade_cost_positive_ia,False,False,False,False,False,False,1063.773790267164,2127.547580534327,3547.239848482431,7095.944024881381,10641.81420864813,17750.2531174998,2789.526075949329,5576.087337314592,9376.34438584807,18767.23259278097,28141.00179940032,46896.1273147752,4008.543805867638,8008.189527253188,13633.4366709707,27148.83982067192,40924.98269420248,67999.79564547008,4648.704326922797,9360.614334140255,16045.37023878907,32232.10636807235,48141.65399635948,80727.38847530757,False,False,False,False,False,False,1026.939998010499,2055.238303912077,3421.135773195478,6848.112719119357,10282.93424392499,17133.48469767991,2698.84907164391,5389.822232097823,9040.993707046095,18100.40870522115,27160.40814635089,45284.05131398644,3807.616686606701,7611.631026732738,13064.12790906731,26157.39553348955,39095.68650089527,65082.71654749923,4335.595049802239,8599.490182701651,14905.71115043453,29749.30161692361,44497.89956652907,74980.13067813986,False,False,False,False,False,False,985.880940394178,1972.077486946691,3298.850710908205,6601.808360620083,9901.91187225571,16497.5992181254,2612.941051614432,5199.390159820937,8813.745977426803,17667.70519368853,26436.13647329218,43973.84076996196,3690.963039313349,7347.264674777126,12610.6598564536,25237.12052881981,37832.60356656554,62672.70215968122,4074.7630643489,8131.291719647145,14148.08688958238,28297.70093487229,42241.54585031897,70747.01275728816
annual_total_energy_trade_cost_negative_ia,False,False,False,False,False,False,-1518.374455179756,-3036.748910359512,-5063.511019804306,-10126.01377897558,-15185.73354242327,-25327.40557698161,-4075.338317512089,-8145.936456415956,-13690.88632420202,-27407.71344211783,-41100.47764572712,-68426.40221573741,-5972.15946248143,-11928.31244890944,-20279.42235434466,-40438.98878113407,-60960.46356732676,-101421.0907765484,-7132.596419890498,-14342.15432358666,-24420.77991650645,-49039.95418369751,-73316.90371001165,-122624.5011046078,False,False,False,False,False,False,-1466.270277372294,-2933.73677573414,-4894.933038592879,-9795.0630200392,-14702.37401979313,-24502.86806567862,-3983.793114230088,-7965.163895585645,-13365.55069182812,-26748.19714947279,-40143.54342717286,-67008.74969943047,-5810.832559561989,-11609.20339042959,-19876.94192813055,-39690.68301829007,-59340.16430521871,-98713.24899104722,-6897.446972989965,-13704.06874380251,-23619.90821121853,-47205.94672304571,-70623.04502161744,-118884.3854712402,False,False,False,False,False,False,-1418.299118173974,-2836.699294761818,-4754.162087951694,-9511.76803444283,-14269.39290433109,-23783.92567461962,-3880.155212029743,-7725.795261272257,-13103.18651148859,-26274.46768946882,-39332.10758857675,-65363.6290360951,-5699.472874893436,-11360.07889809107,-19471.33804596657,-38918.22649304612,-58365.41863666325,-96753.01097140192,-6730.276686941364,-13443.26762086044,-23137.47186347684,-46326.6166111343,-69377.47882352065,-116037.922248846
annual_total_energy_trade_cost_ic,False,False,False,False,False,False,-1557.104875566981,-3114.209751133961,-5183.151907145634,-10361.69105976017,-15538.12844754528,-25916.67478334338,-4429.986946160922,-8859.973892321845,-14840.26310332223,-29724.05176249565,-44564.20713496174,-74287.61270051198,-7093.734593979035,-14187.46918795807,-23544.98573132413,-47119.71094238969,-70715.08536993942,-117856.5319530353,-9291.947408820415,-18583.89481764083,-30856.02345809328,-61710.11935698063,-92581.1451465655,-154311.075475487,False,False,False,False,False,False,-1553.823010062845,-3107.453074438674,-5190.257114905747,-10380.27522179199,-15571.01752360297,-25948.23853429964,-4659.320003193656,-9318.146212880167,-15410.22693901896,-30866.50616782485,-46283.27945636265,-77152.83025673761,-7320.744821380837,-14641.68400081189,-24328.50575334904,-48687.90989125412,-73058.03312301537,-121793.7707799317,-9362.861929691893,-18725.72385938377,-31078.71750169007,-62155.0108123868,-93227.73877993267,-155389.1276287012,False,False,False,False,False,False,-1573.681548579137,-3148.590234445365,-5246.255819156624,-10492.62721673132,-15739.34331519222,-26229.13659610336,-4661.902028105507,-9322.539746276969,-15330.44830015949,-30712.6184266365,-46035.87227327247,-76765.45244784368,-7390.631653395877,-14779.66419612035,-24628.26773102968,-49317.93676800321,-73984.30985554993,-123345.0032826554,-9725.754230693472,-19452.96158416308,-32255.15883111525,-64525.06168313346,-96780.88420512137,-161229.5059261203
annual_total_grid_fee_cost_ic,36794.43,73198.86,121733.6,237147.1,352560.7,583387.8,34916.1240817416,69442.24816348321,115463.6463057493,224607.2926115023,333750.938917255,552038.2315287613,33757.66842945066,67125.33685890131,111588.4908454985,216842.9326875432,322112.0352790488,532631.8675400898,33075.26621661038,65760.53243322075,109260.2705420125,212192.1692216932,315122.0592455559,520974.193940352,32745.73648027917,65101.47296055834,108066.5441010804,209813.0882021619,311559.6323032446,515043.408059753,34392.8,68395.61,113732.7,222818.7,331068.1,547566.9,31820.97741375446,63251.95482750873,105177.7920015598,205709.7009738819,305404.5514608246,504794.2524347103,30440.16039435256,60490.32078870554,100668.8042737117,196441.5318765256,291508.3585055405,481629.8930284975,29731.67002579145,59073.34005158283,98501.81985408084,191644.1496757082,284306.0672559608,469629.8520708939,29471.07702309286,58552.15404618569,97812.43353281396,189676.4263315195,281354.6394972808,464713.1259967851,30083.65,59777.31,99368.8,195346,289858.9,478884.8,29788.32976716313,59186.65953432625,98412.83835923011,193497.8817358329,287086.8226037508,474264.6726841931,27759.19859789053,55128.39719578085,91779.41518749495,180050.3279101643,266922.0401858774,440653.4598020351,27027.86463497523,53665.72926995044,89546.29877894965,175142.381104636,259546.8668792003,428360.301592966,26525.39680146081,52660.79360292165,88089.20256691602,171646.9541322912,254310.4311984385,419625.9211462553
avg_price_bought_ic,False,False,False,False,False,False,0.04693348292773789,0.04693348292773789,0.046919029166217,0.04696039346121616,0.04698456754849824,0.04695187781274358,0.04999953241277073,0.04999953241277073,0.0500933189631812,0.05014015178989249,0.05011431409950929,0.05012653199137324,0.05519834838645477,0.05519834838645477,0.05540510817167191,0.05543028374597709,0.05546358515776451,0.05545543455053546,0.06248322435296794,0.06248322435296794,0.06302818441632142,0.06303348990437266,0.06304538697960904,0.06305734530279893,False,False,False,False,False,False,0.04666706376161198,0.0466434277006487,0.04660589461677988,0.04660084445749695,0.04661679025211539,0.04657477102261035,0.04707426026465079,0.04705631367456486,0.04731977444152002,0.04728842817974258,0.04730010119507178,0.04728075181432349,0.05186018321580255,0.05185626346058242,0.05216218344752636,0.05218725606808565,0.05217872041086765,0.05217146574144901,0.06059692472524177,0.06059692472524185,0.0613035547428218,0.06129953180870432,0.06130691348705654,0.06133059410815649,False,False,False,False,False,False,0.04655264761743946,0.04658575712475575,0.04656597146510547,0.04656224677196357,0.04659303977758818,0.04655082753971952,0.04809860143194594,0.04807708841212622,0.04789460721008437,0.04789405323489143,0.04786594183359839,0.04788981162445501,0.05070264992993555,0.05071326575389661,0.05082161436481822,0.05083026359258021,0.05082442329560578,0.0508115160344793,0.05608815924834239,0.05607662439062761,0.056701614558165,0.05670994511463185,0.05671332978602233,0.05671325946354672
avg_price_sold_ic,False,False,False,False,False,False,0.1331319604496838,0.1331319604496838,0.1329530001911125,0.1330293149451912,0.1330462936081746,0.1330599134966684,0.135136555353721,0.135136555353721,0.1355205092228257,0.1355938903851622,0.1355565075062997,0.1356126686893942,0.1450032972998893,0.1450032972998893,0.1442039964237166,0.1442896742618511,0.1443058679626811,0.1443000191221611,0.1586365770346247,0.1586365770346247,0.1577053814477166,0.1577348816590729,0.1577370654793129,0.1577810866758838,False,False,False,False,False,False,0.1343919893452505,0.1343274119827286,0.1343246883219635,0.1342841506805947,0.1343292213110787,0.1342736781534526,0.1373807089863637,0.1373628478544353,0.1366000429068321,0.136594920656561,0.136613198917365,0.1365782943100566,0.1459473196577687,0.1459453246384726,0.145080837719218,0.1451148832374438,0.1450958511270763,0.1451187284310351,0.1593297602001364,0.1593297602001366,0.1582980088272055,0.1582913837834708,0.1583040793215918,0.1582970465815305,False,False,False,False,False,False,0.1364038420992729,0.1364710472976028,0.136191202326123,0.1361663745421383,0.1362099373116315,0.1361363610314384,0.1408161953854416,0.1408072097332158,0.138937812272862,0.1389841484420066,0.1388869980867767,0.1389745611103414,0.1482225440678134,0.1482001316512684,0.1469928164041798,0.1469868247624997,0.1470009285082676,0.1470194932213509,0.1606271878848051,0.1605927715485558,0.1588350822742184,0.1588382351834203,0.1588315512380092,0.1587896432232714
annual_total_energy_trade_cost_positive_ic,False,False,False,False,False,False,1012.057419865488,2024.114839730977,3374.894420477257,6748.547723383539,10124.93286098009,16870.41842564446,2920.33638463698,5840.67276927396,9762.726287100399,19559.6332410907,29322.08607271526,48858.88425874926,4667.307690057483,9334.615380114967,15716.01780430567,31445.99626931932,47226.14883867067,78695.64185511736,6263.619676010914,12527.23935202183,21285.08877581095,42561.56518638659,63867.72402004846,106437.2831172768,False,False,False,False,False,False,992.3784972540672,1984.927194823728,3312.651059741385,6627.506842102886,9940.692973439307,16558.49070397748,2866.750817897905,5732.684654806194,9609.877329569592,19233.83485469285,28845.87630535156,48078.23811095169,4566.435892959101,9131.95446776158,15450.88755642321,30928.48117045726,46407.97143833719,77335.02575052458,6053.524080667166,12107.04816133433,20656.01551774888,41309.98663724559,61964.30972595567,103345.8708195392,False,False,False,False,False,False,981.5947910887231,1963.571227809316,3268.56603080303,6538.039879018952,9807.85301297736,16344.44187381818,2807.376697469472,5611.49037067596,9391.615530029048,18808.58356398131,28200.17386525043,47006.15927834768,4468.320452625843,8940.362364731096,15136.31475397816,30324.6588118116,45482.77835938848,75788.68624769013,5884.729105676688,11771.62852769488,20132.92071736019,40277.38447036052,60425.30896502072,100699.5635329532
annual_total_energy_trade_cost_negative_ic,False,False,False,False,False,False,-2569.162295432469,-5138.324590864938,-8558.046327622891,-17110.23878314371,-25663.06130852537,-42787.09320898784,-7350.323330797902,-14700.6466615958,-24602.98939042263,-49283.68500358635,-73886.293207677,-123146.4969592612,-11761.04228403652,-23522.08456807304,-39261.0035356298,-78565.70721170901,-117941.2342086101,-196552.1738081526,-15555.56708483133,-31111.13416966266,-52141.11223390423,-104271.6845433672,-156448.869166614,-260748.3585927638,False,False,False,False,False,False,-2546.201507316912,-5092.380269262402,-8502.908174647131,-17007.78206389488,-25511.71049704228,-42506.72923827713,-7526.070821091561,-15050.83086768636,-25020.10426858855,-50100.3410225177,-75129.15576171422,-125231.0683676893,-11887.18071433994,-23773.63846857347,-39779.39330977225,-79616.39106171139,-119466.0045613526,-199128.7965304563,-15416.38601035906,-30832.7720207181,-51734.73301943895,-103464.9974496324,-155192.0485058883,-258734.9984482405,False,False,False,False,False,False,-2555.27633966786,-5112.161462254681,-8514.821849959655,-17030.66709575028,-25547.19632816958,-42573.57846992154,-7469.278725574979,-14934.03011695293,-24722.06383018854,-49521.20199061781,-74236.0461385229,-123771.6117261914,-11858.95210602172,-23720.02656085145,-39764.58248500784,-79642.5955798148,-119467.0882149384,-199133.6895303455,-15610.48333637016,-31224.59011185795,-52388.07954847543,-104802.446153494,-157206.1931701421,-261929.0694590734
annual_consumption_load_0_energy,300230.3,600460.7,1000768,2001536,3002303,5003839,300230.342456485,600460.68491297,1000767.808188283,2001535.616376567,3002303.42456485,5003839.040941417,300230.342456485,600460.68491297,1000767.808188283,2001535.616376567,3002303.42456485,5003839.040941417,300230.342456485,600460.68491297,1000767.808188283,2001535.616376567,3002303.42456485,5003839.040941417,300230.342456485,600460.68491297,1000767.808188283,2001535.616376567,3002303.42456485,5003839.040941417,300230.3,600460.7,1000768,2001536,3002303,5003839,300230.342456485,600460.68491297,1000767.808188283,2001535.616376567,3002303.42456485,5003839.040941417,300230.342456485,600460.68491297,1000767.808188283,2001535.616376567,3002303.42456485,5003839.040941417,300230.342456485,600460.68491297,1000767.808188283,2001535.616376567,3002303.42456485,5003839.040941417,300230.342456485,600460.68491297,1000767.808188283,2001535.616376567,3002303.42456485,5003839.040941417,300230.3,600460.7,1000768,2001536,3002303,5003839,300230.342456485,600460.68491297,1000767.808188283,2001535.616376567,3002303.42456485,5003839.040941417,300230.342456485,600460.68491297,1000767.808188283,2001535.616376567,3002303.42456485,5003839.040941417,300230.342456485,600460.68491297,1000767.808188283,2001535.616376567,3002303.42456485,5003839.040941417,300230.342456485,600460.68491297,1000767.808188283,2001535.616376567,3002303.42456485,5003839.040941417
annual_battery_load_0_num_cycles,False,False,False,False,False,False,499.9999999999524,499.9999999999524,499.9999999999744,499.999999999987,499.9999999999923,499.9999999999948,499.9999999999748,499.9999999999748,499.9999999999922,499.9999999999935,500.0000000000035,500.0000000000013,499.9999999999844,499.9999999999844,499.999999999991,499.9999999999965,499.9999999999978,499.9999999999999,499.9999999999815,499.9999999999815,499.9999999999655,499.9999999999843,500.0000000000018,499.9999999999965,False,False,False,False,False,False,499.9999999999786,499.9999999999774,499.9999999999762,499.9999999999879,499.9999999999949,499.999999999997,499.9999999999816,499.9999999999808,499.9999999999916,499.9999999999961,499.9999999999993,499.9999999999996,499.9999999999809,499.9999999999807,499.9999999999852,499.999999999992,499.9999999999941,499.9999999999926,499.9999999999577,499.9999999999567,499.9999999999797,500,499.9999999999883,499.9999999999986,False,False,False,False,False,False,499.999999999986,499.9999999999866,499.9999999999819,499.9999999999905,499.9999999999957,499.9999999999961,499.9999999999752,499.9999999999746,499.9999999999811,499.9999999999937,499.9999999999991,499.9999999999964,499.9999999999928,499.9999999999926,499.9999999999737,499.9999999999972,499.9999999999898,499.999999999998,499.9999999999881,499.9999999999889,499.9999999999776,499.9999999999982,499.9999999999966,499.999999999997
